INSERT INTO home2work.dbo.api_keys ([key], enabled, label) VALUES ('bd0a20fd6ecec7af97200f1ad3294ec1a5e30fb12ac15a2c5d9c69c3e7eca6c5', 1, 'Chiave Postman');
INSERT INTO home2work.dbo.api_keys ([key], enabled, label) VALUES ('d1ccf5f1e2f203695f9353d83b14bc41a9b236dea6b439bb00fbf3eff67fcc11', 1, 'App android');
INSERT INTO home2work.dbo.chat (id, user_id1, user_id2, date) VALUES (1, 3, 5, '2018-02-24 18:43:17.693');
INSERT INTO home2work.dbo.chat (id, user_id1, user_id2, date) VALUES (2, 9, 3, '2018-02-24 18:47:42.970');
INSERT INTO home2work.dbo.chat (id, user_id1, user_id2, date) VALUES (4, 3, 10, '2018-02-26 10:40:08.867');
INSERT INTO home2work.dbo.chat (id, user_id1, user_id2, date) VALUES (5, 3, 8, '2018-02-26 10:41:21.347');
INSERT INTO home2work.dbo.chat (id, user_id1, user_id2, date) VALUES (6, 3, 7, '2018-02-26 10:41:21.567');
INSERT INTO home2work.dbo.chat (id, user_id1, user_id2, date) VALUES (7, 5, 10, '2018-02-28 20:09:54.733');
INSERT INTO home2work.dbo.chat (id, user_id1, user_id2, date) VALUES (8, 5, 9, '2018-02-28 20:11:12.357');
INSERT INTO home2work.dbo.chat (id, user_id1, user_id2, date) VALUES (9, 3, 64, '2018-03-02 15:08:42.567');
INSERT INTO home2work.dbo.chat (id, user_id1, user_id2, date) VALUES (10, 7, 9, '2018-03-06 20:48:35.647');
INSERT INTO home2work.dbo.chat (id, user_id1, user_id2, date) VALUES (11, 10, 9, '2018-03-14 15:09:08.853');
INSERT INTO home2work.dbo.chat (id, user_id1, user_id2, date) VALUES (12, 39, 3, '2018-03-15 08:56:31.467');
INSERT INTO home2work.dbo.chat (id, user_id1, user_id2, date) VALUES (13, 3, 67, '2018-03-23 14:37:47.630');
INSERT INTO home2work.dbo.chat (id, user_id1, user_id2, date) VALUES (14, 5, 5, '2018-04-01 13:58:10.140');
INSERT INTO home2work.dbo.chat (id, user_id1, user_id2, date) VALUES (15, 3, 66, '2018-04-01 14:05:24.937');
INSERT INTO home2work.dbo.chat (id, user_id1, user_id2, date) VALUES (16, 7, 5, '2018-04-07 14:23:41.167');
INSERT INTO home2work.dbo.chat (id, user_id1, user_id2, date) VALUES (17, 40, 41, '2018-06-11 09:55:27.687');
INSERT INTO home2work.dbo.company (id, name, domain, latitude, longitude, region, district, cap, city, address, registration) VALUES (1, 'Campus UNIPR', 'unipr.it', 44.765344000, 10.310500800, 'Emilia Romagna', 'PR', '43124', 'Parma', 'Dipartimento di Ingegneria e Architettura - Sede Didattica', '2018-09-01 10:02:50.237');
INSERT INTO home2work.dbo.company (id, name, domain, latitude, longitude, region, district, cap, city, address, registration) VALUES (3, 'Oto Melara Spa', null, 44.111690800, 9.862299400, 'Liguria', 'SP', '19126', 'La Spezia', 'Via Valdilocchi 15', '2018-09-01 10:02:52.183');
INSERT INTO home2work.dbo.company (id, name, domain, latitude, longitude, region, district, cap, city, address, registration) VALUES (4, 'Conad Superstore', null, 44.155915100, 9.918037000, 'Liguria', 'SP', '19037', 'Santo Stefano di Magra', 'Via Arzelà 7', '2018-09-01 10:02:52.950');
INSERT INTO home2work.dbo.company (id, name, domain, latitude, longitude, region, district, cap, city, address, registration) VALUES (5, 'Lidl', null, 44.216684300, 9.966924300, 'Toscana', 'MS', '54011', 'Aulla', 'Via Lunigiana', '2018-09-01 10:02:53.670');
INSERT INTO home2work.dbo.company (id, name, domain, latitude, longitude, region, district, cap, city, address, registration) VALUES (6, 'Lunipaper S.R.L.', null, 44.199410200, 10.051189000, 'Toscana', 'MS', '54013', 'Rometta', 'Via Rismondo Francesco', '2018-09-01 10:02:54.560');
INSERT INTO home2work.dbo.company (id, name, domain, latitude, longitude, region, district, cap, city, address, registration) VALUES (10, 'Penny', null, 44.215640000, 9.967500000, 'Toscana', 'MS', '54011', 'Aulla', 'Via Nazionale', '2018-09-01 10:02:55.667');
INSERT INTO home2work.dbo.company (id, name, domain, latitude, longitude, region, district, cap, city, address, registration) VALUES (11, 'Conad', null, 44.226630000, 9.968220000, 'Toscana', 'MS', '54011', 'Aulla', 'SR62 304', '2018-09-01 10:02:56.337');
INSERT INTO home2work.dbo.company (id, name, domain, latitude, longitude, region, district, cap, city, address, registration) VALUES (12, 'Ipercoop', null, 44.118770000, 9.832460000, 'Liguria', 'SP', '19125', 'La Spezia', 'Via Fontevivo 17', '2018-09-01 10:02:56.950');
INSERT INTO home2work.dbo.company (id, name, domain, latitude, longitude, region, district, cap, city, address, registration) VALUES (13, 'Ospedale Sant''Antonio Abate', null, 44.239400000, 10.130700000, 'Toscana', 'MS', '54013', 'Fivizzano', 'Salita San Francesco 1', '2018-09-01 10:02:57.560');
INSERT INTO home2work.dbo.company (id, name, domain, latitude, longitude, region, district, cap, city, address, registration) VALUES (14, 'Lunielettronik', null, 44.230490000, 10.116690000, 'Toscana', 'MS', '54013', 'Fivizzano', 'Via Posara', '2018-09-01 10:02:58.720');
INSERT INTO home2work.dbo.company (id, name, domain, latitude, longitude, region, district, cap, city, address, registration) VALUES (15, 'Azienda Test', null, 44.765344000, 10.310500800, 'Emilia Romagna', 'PR', '43124', 'Parma', 'Dipartimento di Ingegneria e Architettura - Sede Didattica', '2018-09-01 10:02:58.133');
INSERT INTO home2work.dbo.fcm_token (id, user_id, token) VALUES (14, 3, 'dGRECoV28kk:APA91bHZPLIauJbNsWi6GEkdZp6LcSVCP0PuY-es5CvfCHQvegd0nly_MCmYXEOLP7t8ptonGDhIpe7S_F2wm_FZSkWIkWTx3Xv5KwgAZJpshcPFYVJfXbJio3JCPLrkWq2_eOGH1Xmn');
INSERT INTO home2work.dbo.fcm_token (id, user_id, token) VALUES (15, 5, 'fCFo9dCYd4w:APA91bHdzJ_M5UMQhwBLpWZ3a-9GN2o--iXB3Kx_eA_ewnEAI8qH5EiN54XuGNa8XYjWXnC0zgYKDMX1ej1QiMObOfHqRtiG7Mi4QZqq2AhH5d3nyfUNvu9M5nI1HhYTJEfYLgKCfyyD');
INSERT INTO home2work.dbo.fcm_token (id, user_id, token) VALUES (16, 7, 'dktcAWqgO7Q:APA91bF_ZvxyEb9uKFx0BYzX55LQ1GlByUuumrH9VTWq1tCkCwvkEsyDAtIvyAuGFuFPqCzczCN8o_F2LB7cxPKBmdnUY7asVD-b5Q-3TtBbt3FqrYpC2n12MN2XvSg9KYpCD-UJ420c');
INSERT INTO home2work.dbo.fcm_token (id, user_id, token) VALUES (17, 61, 'ebYEL1wrZVo:APA91bESYupnD27bigisxal2Ua_pUaDeqOznpRA4Xq6zf_GlV1FlzTrSfTu14MBsRwgFDwu9LKJolwAR8k3BlWJQyEbTAd2CwHfQnXInaWU_-3t8cax5hGrd2BJmwCpCAn1TDuZ-Wv6k');
INSERT INTO home2work.dbo.fcm_token (id, user_id, token) VALUES (18, 10, 'ez-JBVvekQc:APA91bGJJDLYyJkogTjQ81ulIxYCDDFFGPp0xyvouDM6ij3U1C1LoJW03Ea_5W5QIHuxuo05BQJIjpgGHN8M5F944LuKfsuN-I8SD4OrIQnmanpc99CQiVdUOqqzdJeER8wCFa7VY60L');
INSERT INTO home2work.dbo.fcm_token (id, user_id, token) VALUES (20, 39, 'duePIcdJgwg:APA91bF_sZB-V935j2fwqMMWiGvlJEhdgNTFFjI2tlzY2LRBVNcIDclgETohX0WyKDMUBHkYCCu0jZAhxq6vTTA6Yw3Zj2F7tAyw5S6HJ4yocCepG4yshF9Qr8DZZb4mWRP02wHmqGx4');
INSERT INTO home2work.dbo.karma (id, user_id, amount, time) VALUES (3, 3, 100, '2018-04-09 12:42:51.020');
INSERT INTO home2work.dbo.karma (id, user_id, amount, time) VALUES (4, 3, 100, '2018-04-09 12:42:53.583');
INSERT INTO home2work.dbo.karma (id, user_id, amount, time) VALUES (5, 3, 100, '2018-04-09 12:42:53.943');
INSERT INTO home2work.dbo.karma (id, user_id, amount, time) VALUES (6, 3, 100, '2018-04-09 12:42:54.257');
INSERT INTO home2work.dbo.karma (id, user_id, amount, time) VALUES (7, 3, 100, '2018-04-09 12:42:54.553');
INSERT INTO home2work.dbo.karma (id, user_id, amount, time) VALUES (8, 5, 100, '2018-04-09 12:43:54.040');
INSERT INTO home2work.dbo.karma (id, user_id, amount, time) VALUES (9, 3, 184, '2018-04-09 13:00:36.693');
INSERT INTO home2work.dbo.karma (id, user_id, amount, time) VALUES (10, 5, 184, '2018-04-09 13:01:04.133');
INSERT INTO home2work.dbo.karma (id, user_id, amount, time) VALUES (11, 3, 1192, '2018-04-09 13:28:18.730');
INSERT INTO home2work.dbo.karma (id, user_id, amount, time) VALUES (12, 5, 1192, '2018-04-09 13:28:34.823');
INSERT INTO home2work.dbo.karma (id, user_id, amount, time) VALUES (13, 5, 1192, '2018-04-09 13:31:35.483');
INSERT INTO home2work.dbo.karma (id, user_id, amount, time) VALUES (14, 5, 1192, '2018-04-09 13:33:28.240');
INSERT INTO home2work.dbo.karma (id, user_id, amount, time) VALUES (15, 5, 1192, '2018-04-09 13:41:20.270');
INSERT INTO home2work.dbo.karma (id, user_id, amount, time) VALUES (16, 5, 1192, '2018-04-09 13:47:54.093');
INSERT INTO home2work.dbo.karma (id, user_id, amount, time) VALUES (17, 5, 1192, '2018-04-09 13:48:45.563');
INSERT INTO home2work.dbo.karma (id, user_id, amount, time) VALUES (18, 5, 1192, '2018-04-09 13:49:07.423');
INSERT INTO home2work.dbo.karma (id, user_id, amount, time) VALUES (19, 5, 1192, '2018-04-09 13:49:24.877');
INSERT INTO home2work.dbo.karma (id, user_id, amount, time) VALUES (20, 5, 1192, '2018-04-09 13:49:40.750');
INSERT INTO home2work.dbo.karma (id, user_id, amount, time) VALUES (21, 5, 1192, '2018-04-09 13:54:13.417');
INSERT INTO home2work.dbo.karma (id, user_id, amount, time) VALUES (22, 5, 1192, '2018-04-09 14:06:42.000');
INSERT INTO home2work.dbo.karma (id, user_id, amount, time) VALUES (23, 5, 1192, '2018-04-09 14:07:38.097');
INSERT INTO home2work.dbo.karma (id, user_id, amount, time) VALUES (24, 5, 1192, '2018-04-09 14:07:51.113');
INSERT INTO home2work.dbo.karma (id, user_id, amount, time) VALUES (25, 5, 1192, '2018-04-09 14:16:30.207');
INSERT INTO home2work.dbo.karma (id, user_id, amount, time) VALUES (26, 5, 1192, '2018-04-09 14:28:10.587');
INSERT INTO home2work.dbo.karma (id, user_id, amount, time) VALUES (27, 5, 1192, '2018-04-09 14:50:02.613');
INSERT INTO home2work.dbo.karma (id, user_id, amount, time) VALUES (28, 5, 0, '2018-04-09 18:45:34.620');
INSERT INTO home2work.dbo.karma (id, user_id, amount, time) VALUES (29, 3, 0, '2018-04-09 18:46:23.150');
INSERT INTO home2work.dbo.karma (id, user_id, amount, time) VALUES (30, 3, 202, '2018-04-09 18:59:58.410');
INSERT INTO home2work.dbo.karma (id, user_id, amount, time) VALUES (31, 5, 286, '2018-04-09 19:00:19.287');
INSERT INTO home2work.dbo.karma (id, user_id, amount, time) VALUES (32, 3, 0, '2018-04-09 19:12:18.290');
INSERT INTO home2work.dbo.karma (id, user_id, amount, time) VALUES (33, 3, 191, '2018-04-09 19:15:29.830');
INSERT INTO home2work.dbo.karma (id, user_id, amount, time) VALUES (34, 3, 3456, '2018-06-11 11:16:18.403');
INSERT INTO home2work.dbo.karma (id, user_id, amount, time) VALUES (35, 3, 234, '2018-06-11 11:16:18.403');
INSERT INTO home2work.dbo.karma (id, user_id, amount, time) VALUES (36, 3, 3344, '2018-06-11 11:16:18.403');
INSERT INTO home2work.dbo.karma (id, user_id, amount, time) VALUES (37, 3, 456, '2018-06-11 11:16:18.403');
INSERT INTO home2work.dbo.last_location (id, user_id, latitude, longitude, time) VALUES (3, 3, 44.204587651, 10.002019873, '2018-09-28 09:44:59.000');
INSERT INTO home2work.dbo.last_location (id, user_id, latitude, longitude, time) VALUES (4, 5, 44.166139200, 10.123514900, '2018-06-11 11:48:35.000');
INSERT INTO home2work.dbo.last_location (id, user_id, latitude, longitude, time) VALUES (5, 7, 44.166139200, 10.123514900, '2018-06-11 11:49:42.000');
INSERT INTO home2work.dbo.last_location (id, user_id, latitude, longitude, time) VALUES (6, 40, 44.166139200, 10.123514900, '2018-06-11 11:55:04.000');
INSERT INTO home2work.dbo.last_location (id, user_id, latitude, longitude, time) VALUES (7, 9, 44.165528300, 10.122936700, '2018-09-28 13:41:26.000');
INSERT INTO home2work.dbo.match (match_id, user_id, host_id, home_score, job_score, time_score, arrival_time, departure_time, new, hidden, distance) VALUES (1, 5, 9, 80, 80, 80, '08:00:00', '13:00:00', 0, 0, 10987);
INSERT INTO home2work.dbo.match (match_id, user_id, host_id, home_score, job_score, time_score, arrival_time, departure_time, new, hidden, distance) VALUES (2, 5, 9, 79, 79, 79, '13:00:00', '18:10:00', 0, 0, 10987);
INSERT INTO home2work.dbo.match (match_id, user_id, host_id, home_score, job_score, time_score, arrival_time, departure_time, new, hidden, distance) VALUES (3, 5, 10, 80, 80, 80, '08:00:00', '13:20:00', 0, 0, 10987);
INSERT INTO home2work.dbo.match (match_id, user_id, host_id, home_score, job_score, time_score, arrival_time, departure_time, new, hidden, distance) VALUES (4, 5, 10, 71, 71, 71, '13:00:00', '18:00:00', 0, 0, 10987);
INSERT INTO home2work.dbo.match (match_id, user_id, host_id, home_score, job_score, time_score, arrival_time, departure_time, new, hidden, distance) VALUES (5, 9, 5, 80, 80, 80, '08:00:00', '13:20:00', 0, 0, 7127);
INSERT INTO home2work.dbo.match (match_id, user_id, host_id, home_score, job_score, time_score, arrival_time, departure_time, new, hidden, distance) VALUES (6, 9, 5, 79, 79, 79, '13:00:00', '18:30:00', 1, 0, 7127);
INSERT INTO home2work.dbo.match (match_id, user_id, host_id, home_score, job_score, time_score, arrival_time, departure_time, new, hidden, distance) VALUES (7, 9, 10, 100, 100, 100, '08:00:00', '13:20:00', 1, 0, 7127);
INSERT INTO home2work.dbo.match (match_id, user_id, host_id, home_score, job_score, time_score, arrival_time, departure_time, new, hidden, distance) VALUES (8, 9, 10, 91, 91, 91, '13:00:00', '18:00:00', 1, 0, 7127);
INSERT INTO home2work.dbo.match (match_id, user_id, host_id, home_score, job_score, time_score, arrival_time, departure_time, new, hidden, distance) VALUES (9, 9, 42, 77, 77, 77, '08:00:00', '13:10:00', 1, 0, 7127);
INSERT INTO home2work.dbo.match (match_id, user_id, host_id, home_score, job_score, time_score, arrival_time, departure_time, new, hidden, distance) VALUES (10, 9, 42, 71, 71, 71, '13:00:00', '18:20:00', 1, 0, 7127);
INSERT INTO home2work.dbo.match (match_id, user_id, host_id, home_score, job_score, time_score, arrival_time, departure_time, new, hidden, distance) VALUES (11, 10, 5, 80, 80, 80, '08:00:00', '13:20:00', 1, 0, 7297);
INSERT INTO home2work.dbo.match (match_id, user_id, host_id, home_score, job_score, time_score, arrival_time, departure_time, new, hidden, distance) VALUES (12, 10, 5, 71, 71, 71, '13:00:00', '18:30:00', 1, 0, 7297);
INSERT INTO home2work.dbo.match (match_id, user_id, host_id, home_score, job_score, time_score, arrival_time, departure_time, new, hidden, distance) VALUES (13, 10, 9, 100, 100, 100, '08:00:00', '13:00:00', 1, 0, 7297);
INSERT INTO home2work.dbo.match (match_id, user_id, host_id, home_score, job_score, time_score, arrival_time, departure_time, new, hidden, distance) VALUES (14, 10, 9, 91, 91, 91, '13:00:00', '18:10:00', 1, 0, 7297);
INSERT INTO home2work.dbo.match (match_id, user_id, host_id, home_score, job_score, time_score, arrival_time, departure_time, new, hidden, distance) VALUES (15, 10, 42, 76, 76, 76, '08:00:00', '13:10:00', 1, 0, 7297);
INSERT INTO home2work.dbo.match (match_id, user_id, host_id, home_score, job_score, time_score, arrival_time, departure_time, new, hidden, distance) VALUES (16, 10, 42, 73, 73, 73, '13:00:00', '18:20:00', 1, 0, 7297);
INSERT INTO home2work.dbo.match (match_id, user_id, host_id, home_score, job_score, time_score, arrival_time, departure_time, new, hidden, distance) VALUES (17, 23, 40, 70, 70, 70, '08:00:00', '17:30:00', 1, 0, 11343);
INSERT INTO home2work.dbo.match (match_id, user_id, host_id, home_score, job_score, time_score, arrival_time, departure_time, new, hidden, distance) VALUES (18, 40, 23, 70, 60, 75, '08:00:00', '17:20:00', 1, 0, 6737);
INSERT INTO home2work.dbo.match (match_id, user_id, host_id, home_score, job_score, time_score, arrival_time, departure_time, new, hidden, distance) VALUES (19, 40, 41, 91, 87, 96, '08:00:00', '17:20:00', 0, 0, 6737);
INSERT INTO home2work.dbo.match (match_id, user_id, host_id, home_score, job_score, time_score, arrival_time, departure_time, new, hidden, distance) VALUES (20, 40, 47, 88, 94, 90, '08:00:00', '17:20:00', 1, 0, 6737);
INSERT INTO home2work.dbo.match (match_id, user_id, host_id, home_score, job_score, time_score, arrival_time, departure_time, new, hidden, distance) VALUES (21, 41, 40, 91, 91, 91, '08:00:00', '17:30:00', 1, 0, 3980);
INSERT INTO home2work.dbo.match (match_id, user_id, host_id, home_score, job_score, time_score, arrival_time, departure_time, new, hidden, distance) VALUES (22, 41, 47, 89, 89, 89, '08:00:00', '17:20:00', 1, 0, 3980);
INSERT INTO home2work.dbo.match (match_id, user_id, host_id, home_score, job_score, time_score, arrival_time, departure_time, new, hidden, distance) VALUES (23, 42, 9, 77, 77, 77, '08:00:00', '13:00:00', 1, 0, 6543);
INSERT INTO home2work.dbo.match (match_id, user_id, host_id, home_score, job_score, time_score, arrival_time, departure_time, new, hidden, distance) VALUES (24, 42, 9, 71, 71, 71, '13:00:00', '18:10:00', 1, 0, 6543);
INSERT INTO home2work.dbo.match (match_id, user_id, host_id, home_score, job_score, time_score, arrival_time, departure_time, new, hidden, distance) VALUES (25, 42, 10, 76, 76, 76, '08:00:00', '13:20:00', 1, 0, 6543);
INSERT INTO home2work.dbo.match (match_id, user_id, host_id, home_score, job_score, time_score, arrival_time, departure_time, new, hidden, distance) VALUES (26, 42, 10, 73, 73, 73, '13:00:00', '18:00:00', 1, 0, 6543);
INSERT INTO home2work.dbo.match (match_id, user_id, host_id, home_score, job_score, time_score, arrival_time, departure_time, new, hidden, distance) VALUES (27, 43, 44, 95, 95, 95, '07:00:00', '12:10:00', 1, 0, 17748);
INSERT INTO home2work.dbo.match (match_id, user_id, host_id, home_score, job_score, time_score, arrival_time, departure_time, new, hidden, distance) VALUES (28, 43, 44, 97, 97, 97, '13:00:00', '20:10:00', 1, 0, 17748);
INSERT INTO home2work.dbo.match (match_id, user_id, host_id, home_score, job_score, time_score, arrival_time, departure_time, new, hidden, distance) VALUES (29, 43, 45, 95, 95, 95, '07:00:00', '12:20:00', 1, 0, 17748);
INSERT INTO home2work.dbo.match (match_id, user_id, host_id, home_score, job_score, time_score, arrival_time, departure_time, new, hidden, distance) VALUES (30, 43, 45, 97, 97, 97, '13:00:00', '20:20:00', 1, 0, 17748);
INSERT INTO home2work.dbo.match (match_id, user_id, host_id, home_score, job_score, time_score, arrival_time, departure_time, new, hidden, distance) VALUES (31, 43, 46, 95, 95, 95, '07:00:00', '12:20:00', 1, 0, 17748);
INSERT INTO home2work.dbo.match (match_id, user_id, host_id, home_score, job_score, time_score, arrival_time, departure_time, new, hidden, distance) VALUES (32, 43, 46, 94, 94, 94, '13:00:00', '20:20:00', 1, 0, 17748);
INSERT INTO home2work.dbo.match (match_id, user_id, host_id, home_score, job_score, time_score, arrival_time, departure_time, new, hidden, distance) VALUES (33, 44, 43, 95, 95, 95, '07:00:00', '12:10:00', 1, 0, 18238);
INSERT INTO home2work.dbo.match (match_id, user_id, host_id, home_score, job_score, time_score, arrival_time, departure_time, new, hidden, distance) VALUES (34, 44, 43, 97, 97, 97, '13:00:00', '20:20:00', 1, 0, 18238);
INSERT INTO home2work.dbo.match (match_id, user_id, host_id, home_score, job_score, time_score, arrival_time, departure_time, new, hidden, distance) VALUES (35, 44, 45, 100, 100, 100, '07:00:00', '12:20:00', 1, 0, 18238);
INSERT INTO home2work.dbo.match (match_id, user_id, host_id, home_score, job_score, time_score, arrival_time, departure_time, new, hidden, distance) VALUES (36, 44, 45, 100, 100, 100, '13:00:00', '20:20:00', 1, 0, 18238);
INSERT INTO home2work.dbo.match (match_id, user_id, host_id, home_score, job_score, time_score, arrival_time, departure_time, new, hidden, distance) VALUES (37, 44, 46, 100, 100, 100, '07:00:00', '12:20:00', 1, 0, 18238);
INSERT INTO home2work.dbo.match (match_id, user_id, host_id, home_score, job_score, time_score, arrival_time, departure_time, new, hidden, distance) VALUES (38, 44, 46, 97, 97, 97, '13:00:00', '20:20:00', 1, 0, 18238);
INSERT INTO home2work.dbo.match (match_id, user_id, host_id, home_score, job_score, time_score, arrival_time, departure_time, new, hidden, distance) VALUES (39, 45, 43, 95, 95, 95, '07:00:00', '12:10:00', 1, 0, 18844);
INSERT INTO home2work.dbo.match (match_id, user_id, host_id, home_score, job_score, time_score, arrival_time, departure_time, new, hidden, distance) VALUES (40, 45, 43, 97, 97, 97, '13:00:00', '20:20:00', 1, 0, 18844);
INSERT INTO home2work.dbo.match (match_id, user_id, host_id, home_score, job_score, time_score, arrival_time, departure_time, new, hidden, distance) VALUES (41, 45, 44, 100, 100, 100, '07:00:00', '12:10:00', 1, 0, 18844);
INSERT INTO home2work.dbo.match (match_id, user_id, host_id, home_score, job_score, time_score, arrival_time, departure_time, new, hidden, distance) VALUES (42, 45, 44, 100, 100, 100, '13:00:00', '20:10:00', 1, 0, 18844);
INSERT INTO home2work.dbo.match (match_id, user_id, host_id, home_score, job_score, time_score, arrival_time, departure_time, new, hidden, distance) VALUES (43, 45, 46, 100, 100, 100, '07:00:00', '12:20:00', 1, 0, 18844);
INSERT INTO home2work.dbo.match (match_id, user_id, host_id, home_score, job_score, time_score, arrival_time, departure_time, new, hidden, distance) VALUES (44, 45, 46, 97, 97, 97, '13:00:00', '20:20:00', 1, 0, 18844);
INSERT INTO home2work.dbo.match (match_id, user_id, host_id, home_score, job_score, time_score, arrival_time, departure_time, new, hidden, distance) VALUES (45, 46, 43, 95, 95, 95, '07:00:00', '12:10:00', 1, 0, 18499);
INSERT INTO home2work.dbo.match (match_id, user_id, host_id, home_score, job_score, time_score, arrival_time, departure_time, new, hidden, distance) VALUES (46, 46, 43, 94, 94, 94, '13:00:00', '20:20:00', 1, 0, 18499);
INSERT INTO home2work.dbo.match (match_id, user_id, host_id, home_score, job_score, time_score, arrival_time, departure_time, new, hidden, distance) VALUES (47, 46, 44, 100, 100, 100, '07:00:00', '12:10:00', 1, 0, 18499);
INSERT INTO home2work.dbo.match (match_id, user_id, host_id, home_score, job_score, time_score, arrival_time, departure_time, new, hidden, distance) VALUES (48, 46, 44, 97, 97, 97, '13:00:00', '20:10:00', 1, 0, 18499);
INSERT INTO home2work.dbo.match (match_id, user_id, host_id, home_score, job_score, time_score, arrival_time, departure_time, new, hidden, distance) VALUES (49, 46, 45, 100, 100, 100, '07:00:00', '12:20:00', 1, 0, 18499);
INSERT INTO home2work.dbo.match (match_id, user_id, host_id, home_score, job_score, time_score, arrival_time, departure_time, new, hidden, distance) VALUES (50, 46, 45, 97, 97, 97, '13:00:00', '20:20:00', 1, 0, 18499);
INSERT INTO home2work.dbo.match (match_id, user_id, host_id, home_score, job_score, time_score, arrival_time, departure_time, new, hidden, distance) VALUES (51, 47, 40, 94, 94, 94, '08:00:00', '17:30:00', 1, 0, 5656);
INSERT INTO home2work.dbo.match (match_id, user_id, host_id, home_score, job_score, time_score, arrival_time, departure_time, new, hidden, distance) VALUES (52, 47, 41, 89, 89, 89, '08:00:00', '17:20:00', 1, 0, 5656);
INSERT INTO home2work.dbo.match (match_id, user_id, host_id, home_score, job_score, time_score, arrival_time, departure_time, new, hidden, distance) VALUES (53, 48, 49, 97, 97, 97, '08:00:00', '17:10:00', 1, 0, 27963);
INSERT INTO home2work.dbo.match (match_id, user_id, host_id, home_score, job_score, time_score, arrival_time, departure_time, new, hidden, distance) VALUES (54, 49, 48, 97, 97, 97, '08:00:00', '17:10:00', 1, 0, 26147);
INSERT INTO home2work.dbo.match (match_id, user_id, host_id, home_score, job_score, time_score, arrival_time, departure_time, new, hidden, distance) VALUES (55, 50, 52, 84, 84, 84, '07:00:00', '12:00:00', 1, 0, 12240);
INSERT INTO home2work.dbo.match (match_id, user_id, host_id, home_score, job_score, time_score, arrival_time, departure_time, new, hidden, distance) VALUES (56, 50, 52, 87, 87, 87, '13:00:00', '20:20:00', 1, 0, 12240);
INSERT INTO home2work.dbo.match (match_id, user_id, host_id, home_score, job_score, time_score, arrival_time, departure_time, new, hidden, distance) VALUES (57, 50, 53, 84, 84, 84, '07:00:00', '12:20:00', 1, 0, 12240);
INSERT INTO home2work.dbo.match (match_id, user_id, host_id, home_score, job_score, time_score, arrival_time, departure_time, new, hidden, distance) VALUES (58, 50, 53, 85, 85, 85, '13:00:00', '20:20:00', 1, 0, 12240);
INSERT INTO home2work.dbo.match (match_id, user_id, host_id, home_score, job_score, time_score, arrival_time, departure_time, new, hidden, distance) VALUES (59, 52, 50, 84, 84, 84, '07:00:00', '12:10:00', 1, 0, 9361);
INSERT INTO home2work.dbo.match (match_id, user_id, host_id, home_score, job_score, time_score, arrival_time, departure_time, new, hidden, distance) VALUES (60, 52, 50, 87, 87, 87, '13:00:00', '20:20:00', 1, 0, 9361);
INSERT INTO home2work.dbo.match (match_id, user_id, host_id, home_score, job_score, time_score, arrival_time, departure_time, new, hidden, distance) VALUES (61, 52, 53, 98, 98, 98, '07:00:00', '12:20:00', 1, 0, 9361);
INSERT INTO home2work.dbo.match (match_id, user_id, host_id, home_score, job_score, time_score, arrival_time, departure_time, new, hidden, distance) VALUES (62, 52, 53, 100, 100, 100, '13:00:00', '20:20:00', 1, 0, 9361);
INSERT INTO home2work.dbo.match (match_id, user_id, host_id, home_score, job_score, time_score, arrival_time, departure_time, new, hidden, distance) VALUES (63, 53, 50, 84, 84, 84, '07:00:00', '12:10:00', 1, 0, 9505);
INSERT INTO home2work.dbo.match (match_id, user_id, host_id, home_score, job_score, time_score, arrival_time, departure_time, new, hidden, distance) VALUES (64, 53, 50, 85, 85, 85, '13:00:00', '20:20:00', 1, 0, 9505);
INSERT INTO home2work.dbo.match (match_id, user_id, host_id, home_score, job_score, time_score, arrival_time, departure_time, new, hidden, distance) VALUES (65, 53, 52, 98, 98, 98, '07:00:00', '12:00:00', 1, 0, 9505);
INSERT INTO home2work.dbo.match (match_id, user_id, host_id, home_score, job_score, time_score, arrival_time, departure_time, new, hidden, distance) VALUES (66, 53, 52, 100, 100, 100, '13:00:00', '20:20:00', 1, 0, 9505);
INSERT INTO home2work.dbo.match (match_id, user_id, host_id, home_score, job_score, time_score, arrival_time, departure_time, new, hidden, distance) VALUES (67, 54, 58, 96, 96, 96, '07:00:00', '12:00:00', 1, 0, 21665);
INSERT INTO home2work.dbo.match (match_id, user_id, host_id, home_score, job_score, time_score, arrival_time, departure_time, new, hidden, distance) VALUES (68, 54, 58, 96, 96, 96, '13:00:00', '20:10:00', 1, 0, 21665);
INSERT INTO home2work.dbo.match (match_id, user_id, host_id, home_score, job_score, time_score, arrival_time, departure_time, new, hidden, distance) VALUES (69, 55, 56, 97, 97, 97, '08:00:00', '17:20:00', 1, 0, 18964);
INSERT INTO home2work.dbo.match (match_id, user_id, host_id, home_score, job_score, time_score, arrival_time, departure_time, new, hidden, distance) VALUES (70, 55, 57, 98, 98, 98, '08:00:00', '17:20:00', 1, 0, 18964);
INSERT INTO home2work.dbo.match (match_id, user_id, host_id, home_score, job_score, time_score, arrival_time, departure_time, new, hidden, distance) VALUES (71, 56, 55, 97, 97, 97, '08:00:00', '17:20:00', 1, 0, 19636);
INSERT INTO home2work.dbo.match (match_id, user_id, host_id, home_score, job_score, time_score, arrival_time, departure_time, new, hidden, distance) VALUES (72, 56, 57, 98, 98, 98, '08:00:00', '17:20:00', 1, 0, 19636);
INSERT INTO home2work.dbo.match (match_id, user_id, host_id, home_score, job_score, time_score, arrival_time, departure_time, new, hidden, distance) VALUES (73, 56, 59, 63, 63, 63, '08:00:00', '17:10:00', 1, 0, 19636);
INSERT INTO home2work.dbo.match (match_id, user_id, host_id, home_score, job_score, time_score, arrival_time, departure_time, new, hidden, distance) VALUES (74, 57, 55, 98, 98, 98, '08:00:00', '17:20:00', 1, 0, 19735);
INSERT INTO home2work.dbo.match (match_id, user_id, host_id, home_score, job_score, time_score, arrival_time, departure_time, new, hidden, distance) VALUES (75, 57, 56, 98, 98, 98, '08:00:00', '17:20:00', 1, 0, 19735);
INSERT INTO home2work.dbo.match (match_id, user_id, host_id, home_score, job_score, time_score, arrival_time, departure_time, new, hidden, distance) VALUES (76, 58, 54, 96, 96, 96, '07:00:00', '12:30:00', 1, 0, 22664);
INSERT INTO home2work.dbo.match (match_id, user_id, host_id, home_score, job_score, time_score, arrival_time, departure_time, new, hidden, distance) VALUES (77, 58, 54, 96, 96, 96, '13:00:00', '20:00:00', 1, 0, 22664);
INSERT INTO home2work.dbo.match (match_id, user_id, host_id, home_score, job_score, time_score, arrival_time, departure_time, new, hidden, distance) VALUES (78, 59, 56, 63, 63, 63, '08:00:00', '17:20:00', 1, 0, 25008);
INSERT INTO home2work.dbo.match (match_id, user_id, host_id, home_score, job_score, time_score, arrival_time, departure_time, new, hidden, distance) VALUES (79, 60, 61, 87, 87, 87, '07:00:00', '12:20:00', 1, 0, 6388);
INSERT INTO home2work.dbo.match (match_id, user_id, host_id, home_score, job_score, time_score, arrival_time, departure_time, new, hidden, distance) VALUES (80, 60, 61, 83, 83, 83, '13:00:00', '20:10:00', 1, 0, 6388);
INSERT INTO home2work.dbo.match (match_id, user_id, host_id, home_score, job_score, time_score, arrival_time, departure_time, new, hidden, distance) VALUES (81, 61, 60, 87, 87, 87, '07:00:00', '12:10:00', 0, 0, 8960);
INSERT INTO home2work.dbo.match (match_id, user_id, host_id, home_score, job_score, time_score, arrival_time, departure_time, new, hidden, distance) VALUES (82, 61, 60, 83, 83, 83, '13:00:00', '20:20:00', 1, 0, 8960);
INSERT INTO home2work.dbo.match (match_id, user_id, host_id, home_score, job_score, time_score, arrival_time, departure_time, new, hidden, distance) VALUES (83, 3, 61, 100, 93, 95, '08:30:00', '18:00:00', 0, 0, 121000);
INSERT INTO home2work.dbo.match (match_id, user_id, host_id, home_score, job_score, time_score, arrival_time, departure_time, new, hidden, distance) VALUES (84, 3, 64, 100, 95, 10, '10:00:00', '18:20:00', 0, 0, 121000);
INSERT INTO home2work.dbo.match (match_id, user_id, host_id, home_score, job_score, time_score, arrival_time, departure_time, new, hidden, distance) VALUES (85, 3, 66, 83, 98, 85, '08:00:00', '18:30:00', 1, 0, 102000);
INSERT INTO home2work.dbo.message (id, sender_id, chat_id, text, time, new) VALUES (1, 3, 1, 'Weeee ciaooooooooo', '2018-02-25 20:16:14.267', 0);
INSERT INTO home2work.dbo.message (id, sender_id, chat_id, text, time, new) VALUES (4, 3, 1, 'rsfgrgfrwge', '2018-02-26 10:43:04.610', 0);
INSERT INTO home2work.dbo.message (id, sender_id, chat_id, text, time, new) VALUES (5, 5, 1, 'grergegergergr', '2018-02-26 10:43:04.817', 0);
INSERT INTO home2work.dbo.message (id, sender_id, chat_id, text, time, new) VALUES (6, 3, 2, 'ergergergrg', '2018-02-26 10:43:05.020', 1);
INSERT INTO home2work.dbo.message (id, sender_id, chat_id, text, time, new) VALUES (7, 8, 2, 'Va bene, ci sentiamo più tardi!', '2018-02-26 10:43:05.220', 0);
INSERT INTO home2work.dbo.message (id, sender_id, chat_id, text, time, new) VALUES (10, 3, 4, 'regerg egeg rgg ', '2018-02-26 10:43:05.863', 1);
INSERT INTO home2work.dbo.message (id, sender_id, chat_id, text, time, new) VALUES (11, 10, 4, 'g eg ge gg g', '2018-02-26 10:43:06.070', 0);
INSERT INTO home2work.dbo.message (id, sender_id, chat_id, text, time, new) VALUES (12, 3, 5, ' ege eg eg g', '2018-02-26 10:43:06.270', 1);
INSERT INTO home2work.dbo.message (id, sender_id, chat_id, text, time, new) VALUES (13, 8, 5, ' geg egertg eg', '2018-02-26 10:43:06.487', 0);
INSERT INTO home2work.dbo.message (id, sender_id, chat_id, text, time, new) VALUES (14, 3, 6, ' eg egetget g', '2018-02-26 10:43:06.690', 0);
INSERT INTO home2work.dbo.message (id, sender_id, chat_id, text, time, new) VALUES (15, 7, 6, ' eget rg g', '2018-02-26 10:43:06.893', 0);
INSERT INTO home2work.dbo.message (id, sender_id, chat_id, text, time, new) VALUES (24, 3, 1, 'Ciao', '2018-02-26 14:58:01.817', 0);
INSERT INTO home2work.dbo.message (id, sender_id, chat_id, text, time, new) VALUES (25, 3, 1, 'Ciaoooo', '2018-02-26 15:17:57.663', 0);
INSERT INTO home2work.dbo.message (id, sender_id, chat_id, text, time, new) VALUES (26, 3, 1, '3897999730', '2018-02-26 15:18:14.197', 0);
INSERT INTO home2work.dbo.message (id, sender_id, chat_id, text, time, new) VALUES (27, 3, 1, 'Ciaooooo', '2018-02-26 15:19:59.980', 0);
INSERT INTO home2work.dbo.message (id, sender_id, chat_id, text, time, new) VALUES (28, 3, 1, 'Hey', '2018-02-26 15:40:24.537', 0);
INSERT INTO home2work.dbo.message (id, sender_id, chat_id, text, time, new) VALUES (29, 5, 1, 'Ciao!', '2018-02-27 19:54:39.917', 0);
INSERT INTO home2work.dbo.message (id, sender_id, chat_id, text, time, new) VALUES (30, 5, 1, 'Ciao!!', '2018-02-27 19:55:05.500', 0);
INSERT INTO home2work.dbo.message (id, sender_id, chat_id, text, time, new) VALUES (31, 5, 1, 'Ciao!', '2018-02-27 19:56:26.863', 0);
INSERT INTO home2work.dbo.message (id, sender_id, chat_id, text, time, new) VALUES (32, 5, 1, 'Test@test.com', '2018-02-27 19:57:44.607', 0);
INSERT INTO home2work.dbo.message (id, sender_id, chat_id, text, time, new) VALUES (33, 3, 1, 'Test notifica', '2018-02-27 20:00:12.980', 0);
INSERT INTO home2work.dbo.message (id, sender_id, chat_id, text, time, new) VALUES (34, 3, 1, 'Test notifica', '2018-02-28 11:26:28.150', 0);
INSERT INTO home2work.dbo.message (id, sender_id, chat_id, text, time, new) VALUES (35, 3, 1, 'teeeesssstttttttttt', '2018-02-28 11:31:04.447', 0);
INSERT INTO home2work.dbo.message (id, sender_id, chat_id, text, time, new) VALUES (36, 5, 1, 'Weeee', '2018-02-28 12:05:50.847', 0);
INSERT INTO home2work.dbo.message (id, sender_id, chat_id, text, time, new) VALUES (37, 5, 1, 'Test notifica', '2018-02-28 12:07:44.707', 0);
INSERT INTO home2work.dbo.message (id, sender_id, chat_id, text, time, new) VALUES (38, 5, 1, 'Test notifica 2', '2018-02-28 12:25:28.390', 0);
INSERT INTO home2work.dbo.message (id, sender_id, chat_id, text, time, new) VALUES (39, 5, 1, '3
', '2018-02-28 12:25:45.257', 0);
INSERT INTO home2work.dbo.message (id, sender_id, chat_id, text, time, new) VALUES (40, 5, 1, 'Weee', '2018-02-28 12:28:24.750', 0);
INSERT INTO home2work.dbo.message (id, sender_id, chat_id, text, time, new) VALUES (41, 5, 1, 'Wweeeee', '2018-02-28 12:29:10.753', 0);
INSERT INTO home2work.dbo.message (id, sender_id, chat_id, text, time, new) VALUES (42, 5, 1, 'Wweeeee', '2018-02-28 12:31:02.907', 0);
INSERT INTO home2work.dbo.message (id, sender_id, chat_id, text, time, new) VALUES (43, 5, 1, 'Wewewe', '2018-02-28 12:33:17.640', 0);
INSERT INTO home2work.dbo.message (id, sender_id, chat_id, text, time, new) VALUES (44, 5, 1, 'Test', '2018-02-28 12:35:01.253', 0);
INSERT INTO home2work.dbo.message (id, sender_id, chat_id, text, time, new) VALUES (45, 5, 1, 'Hey
', '2018-02-28 12:35:08.280', 0);
INSERT INTO home2work.dbo.message (id, sender_id, chat_id, text, time, new) VALUES (46, 5, 1, 'Rwfwergfergegegeg', '2018-02-28 12:35:14.480', 0);
INSERT INTO home2work.dbo.message (id, sender_id, chat_id, text, time, new) VALUES (47, 5, 1, '3897999730', '2018-02-28 12:35:19.027', 0);
INSERT INTO home2work.dbo.message (id, sender_id, chat_id, text, time, new) VALUES (48, 5, 1, 'Test', '2018-02-28 12:35:58.770', 0);
INSERT INTO home2work.dbo.message (id, sender_id, chat_id, text, time, new) VALUES (49, 5, 1, 'Test', '2018-02-28 12:40:23.000', 0);
INSERT INTO home2work.dbo.message (id, sender_id, chat_id, text, time, new) VALUES (50, 5, 1, 'Test', '2018-02-28 12:40:41.990', 0);
INSERT INTO home2work.dbo.message (id, sender_id, chat_id, text, time, new) VALUES (51, 5, 1, 'Wewe', '2018-02-28 12:46:25.737', 0);
INSERT INTO home2work.dbo.message (id, sender_id, chat_id, text, time, new) VALUES (52, 5, 1, 'Wwdw', '2018-02-28 12:46:50.460', 0);
INSERT INTO home2work.dbo.message (id, sender_id, chat_id, text, time, new) VALUES (53, 5, 1, 'Dde', '2018-02-28 12:47:02.640', 0);
INSERT INTO home2work.dbo.message (id, sender_id, chat_id, text, time, new) VALUES (54, 5, 1, 'AAA', '2018-02-28 12:48:04.800', 0);
INSERT INTO home2work.dbo.message (id, sender_id, chat_id, text, time, new) VALUES (55, 5, 1, 'Cvv', '2018-02-28 12:48:20.743', 0);
INSERT INTO home2work.dbo.message (id, sender_id, chat_id, text, time, new) VALUES (56, 5, 1, 'Ciaoo', '2018-02-28 12:48:49.510', 0);
INSERT INTO home2work.dbo.message (id, sender_id, chat_id, text, time, new) VALUES (57, 5, 1, 'Zio', '2018-02-28 12:51:39.933', 0);
INSERT INTO home2work.dbo.message (id, sender_id, chat_id, text, time, new) VALUES (58, 5, 1, 'Ziooo', '2018-02-28 12:52:51.213', 0);
INSERT INTO home2work.dbo.message (id, sender_id, chat_id, text, time, new) VALUES (59, 3, 1, 'Ooooo', '2018-02-28 12:53:03.520', 0);
INSERT INTO home2work.dbo.message (id, sender_id, chat_id, text, time, new) VALUES (60, 5, 1, 'Ciao
', '2018-02-28 12:53:19.077', 0);
INSERT INTO home2work.dbo.message (id, sender_id, chat_id, text, time, new) VALUES (61, 5, 1, 'Ciaooooooooo', '2018-02-28 12:53:28.743', 0);
INSERT INTO home2work.dbo.message (id, sender_id, chat_id, text, time, new) VALUES (62, 5, 1, 'Oh', '2018-02-28 13:03:55.510', 0);
INSERT INTO home2work.dbo.message (id, sender_id, chat_id, text, time, new) VALUES (63, 5, 1, 'Oh', '2018-02-28 13:04:08.550', 0);
INSERT INTO home2work.dbo.message (id, sender_id, chat_id, text, time, new) VALUES (65, 3, 1, 'Grazie', '2018-02-28 13:08:08.893', 0);
INSERT INTO home2work.dbo.message (id, sender_id, chat_id, text, time, new) VALUES (66, 5, 1, 'Cya', '2018-02-28 13:15:35.570', 0);
INSERT INTO home2work.dbo.message (id, sender_id, chat_id, text, time, new) VALUES (67, 3, 1, 'Grazie', '2018-02-28 13:17:14.737', 0);
INSERT INTO home2work.dbo.message (id, sender_id, chat_id, text, time, new) VALUES (68, 3, 1, 'Ciao!', '2018-03-03 20:43:45.630', 0);
INSERT INTO home2work.dbo.message (id, sender_id, chat_id, text, time, new) VALUES (69, 3, 1, 'Hey!', '2018-03-03 20:48:48.460', 0);
INSERT INTO home2work.dbo.message (id, sender_id, chat_id, text, time, new) VALUES (70, 7, 6, 'ciao', '2018-03-06 20:39:38.307', 0);
INSERT INTO home2work.dbo.message (id, sender_id, chat_id, text, time, new) VALUES (71, 3, 6, 'Ciao!', '2018-03-06 20:39:50.210', 0);
INSERT INTO home2work.dbo.message (id, sender_id, chat_id, text, time, new) VALUES (72, 5, 1, 'ciao!@!#@$%#^$&%*&%^$%#$@#E@W', '2018-03-08 12:18:15.237', 0);
INSERT INTO home2work.dbo.message (id, sender_id, chat_id, text, time, new) VALUES (73, 5, 7, 'Ciao!', '2018-03-08 20:37:54.013', 1);
INSERT INTO home2work.dbo.message (id, sender_id, chat_id, text, time, new) VALUES (74, 5, 7, 'test', '2018-03-09 13:54:29.060', 1);
INSERT INTO home2work.dbo.message (id, sender_id, chat_id, text, time, new) VALUES (75, 5, 1, 'test', '2018-03-09 13:54:39.570', 0);
INSERT INTO home2work.dbo.message (id, sender_id, chat_id, text, time, new) VALUES (76, 3, 1, 'Test', '2018-03-09 13:55:10.313', 0);
INSERT INTO home2work.dbo.message (id, sender_id, chat_id, text, time, new) VALUES (77, 3, 1, 'Test', '2018-03-09 13:55:46.337', 0);
INSERT INTO home2work.dbo.message (id, sender_id, chat_id, text, time, new) VALUES (78, 3, 1, 'Iii', '2018-03-09 14:01:22.340', 0);
INSERT INTO home2work.dbo.message (id, sender_id, chat_id, text, time, new) VALUES (79, 3, 1, 'A', '2018-03-09 14:01:49.490', 0);
INSERT INTO home2work.dbo.message (id, sender_id, chat_id, text, time, new) VALUES (80, 3, 1, 'Ei', '2018-03-09 14:02:55.510', 0);
INSERT INTO home2work.dbo.message (id, sender_id, chat_id, text, time, new) VALUES (81, 3, 1, 'O', '2018-03-09 14:03:10.833', 0);
INSERT INTO home2work.dbo.message (id, sender_id, chat_id, text, time, new) VALUES (82, 3, 1, 'We', '2018-03-09 14:06:35.743', 0);
INSERT INTO home2work.dbo.message (id, sender_id, chat_id, text, time, new) VALUES (83, 5, 7, 'we', '2018-03-09 21:58:42.633', 0);
INSERT INTO home2work.dbo.message (id, sender_id, chat_id, text, time, new) VALUES (84, 5, 1, 'test', '2018-03-09 21:58:53.100', 0);
INSERT INTO home2work.dbo.message (id, sender_id, chat_id, text, time, new) VALUES (85, 5, 8, 'hey', '2018-03-10 15:52:22.093', 0);
INSERT INTO home2work.dbo.message (id, sender_id, chat_id, text, time, new) VALUES (86, 5, 1, 'Ciao', '2018-03-13 08:38:32.610', 0);
INSERT INTO home2work.dbo.message (id, sender_id, chat_id, text, time, new) VALUES (87, 3, 1, 'Ciao', '2018-03-13 08:38:44.047', 0);
INSERT INTO home2work.dbo.message (id, sender_id, chat_id, text, time, new) VALUES (88, 5, 7, 'Ciao viaggiamo insieme ?', '2018-03-14 08:43:52.827', 0);
INSERT INTO home2work.dbo.message (id, sender_id, chat_id, text, time, new) VALUES (89, 10, 11, 'Ciao', '2018-06-10 15:09:20.863', 0);
INSERT INTO home2work.dbo.message (id, sender_id, chat_id, text, time, new) VALUES (90, 39, 12, 'test', '2018-03-15 08:56:36.307', 0);
INSERT INTO home2work.dbo.message (id, sender_id, chat_id, text, time, new) VALUES (91, 3, 12, 'Test', '2018-03-15 08:57:05.893', 0);
INSERT INTO home2work.dbo.message (id, sender_id, chat_id, text, time, new) VALUES (92, 39, 12, 'wewe', '2018-03-15 13:24:54.960', 0);
INSERT INTO home2work.dbo.message (id, sender_id, chat_id, text, time, new) VALUES (93, 3, 1, 'cIAOOOOOOOOO
', '2018-03-20 09:51:57.797', 0);
INSERT INTO home2work.dbo.message (id, sender_id, chat_id, text, time, new) VALUES (94, 3, 1, 'cIAOOOOOOOOO
', '2018-03-20 10:06:11.637', 0);
INSERT INTO home2work.dbo.message (id, sender_id, chat_id, text, time, new) VALUES (95, 3, 1, 'cIAOOOOOOOOO
', '2018-03-20 10:07:21.607', 0);
INSERT INTO home2work.dbo.message (id, sender_id, chat_id, text, time, new) VALUES (96, 3, 1, 'cIAOOOOOOOOO
', '2018-03-20 10:08:08.313', 0);
INSERT INTO home2work.dbo.message (id, sender_id, chat_id, text, time, new) VALUES (97, 3, 1, 'Postman test
', '2018-03-20 10:09:43.050', 0);
INSERT INTO home2work.dbo.message (id, sender_id, chat_id, text, time, new) VALUES (98, 3, 1, 'Postman test
', '2018-03-20 10:11:06.007', 0);
INSERT INTO home2work.dbo.message (id, sender_id, chat_id, text, time, new) VALUES (99, 3, 1, 'Postman test
', '2018-03-20 10:12:29.320', 0);
INSERT INTO home2work.dbo.message (id, sender_id, chat_id, text, time, new) VALUES (100, 3, 1, 'Postman test
', '2018-03-20 10:12:39.197', 0);
INSERT INTO home2work.dbo.message (id, sender_id, chat_id, text, time, new) VALUES (101, 3, 1, 'Postman test
', '2018-03-20 10:13:17.307', 0);
INSERT INTO home2work.dbo.message (id, sender_id, chat_id, text, time, new) VALUES (102, 3, 1, 'Postman test
', '2018-03-20 10:13:56.717', 0);
INSERT INTO home2work.dbo.message (id, sender_id, chat_id, text, time, new) VALUES (103, 3, 1, 'Postman test
', '2018-04-01 12:39:02.183', 0);
INSERT INTO home2work.dbo.message (id, sender_id, chat_id, text, time, new) VALUES (104, 3, 1, 'Ciao', '2018-04-01 13:27:43.143', 0);
INSERT INTO home2work.dbo.message (id, sender_id, chat_id, text, time, new) VALUES (105, 3, 1, 'Ciao', '2018-04-01 13:28:24.237', 0);
INSERT INTO home2work.dbo.message (id, sender_id, chat_id, text, time, new) VALUES (106, 3, 1, 'Hey', '2018-04-01 13:29:18.350', 0);
INSERT INTO home2work.dbo.message (id, sender_id, chat_id, text, time, new) VALUES (107, 3, 1, 'We', '2018-04-01 13:33:45.483', 0);
INSERT INTO home2work.dbo.message (id, sender_id, chat_id, text, time, new) VALUES (108, 3, 1, 'Ciao!', '2018-04-01 13:35:36.080', 0);
INSERT INTO home2work.dbo.message (id, sender_id, chat_id, text, time, new) VALUES (109, 3, 1, 'Postman test
', '2018-04-01 13:44:23.690', 0);
INSERT INTO home2work.dbo.message (id, sender_id, chat_id, text, time, new) VALUES (110, 3, 1, 'Postman test
', '2018-04-01 13:45:06.723', 0);
INSERT INTO home2work.dbo.message (id, sender_id, chat_id, text, time, new) VALUES (111, 3, 1, 'Postman test', '2018-04-01 13:45:16.880', 0);
INSERT INTO home2work.dbo.message (id, sender_id, chat_id, text, time, new) VALUES (112, 3, 1, 'Postman test', '2018-04-01 13:45:20.067', 0);
INSERT INTO home2work.dbo.message (id, sender_id, chat_id, text, time, new) VALUES (113, 3, 1, 'Ciao', '2018-04-01 13:50:20.843', 0);
INSERT INTO home2work.dbo.message (id, sender_id, chat_id, text, time, new) VALUES (114, 3, 1, 'Hey?', '2018-04-01 13:52:13.410', 0);
INSERT INTO home2work.dbo.message (id, sender_id, chat_id, text, time, new) VALUES (115, 3, 1, 'Ciao!', '2018-04-01 13:55:09.243', 0);
INSERT INTO home2work.dbo.message (id, sender_id, chat_id, text, time, new) VALUES (116, 3, 1, 'Ciao!', '2018-04-01 14:05:13.480', 0);
INSERT INTO home2work.dbo.message (id, sender_id, chat_id, text, time, new) VALUES (117, 3, 15, 'Hey!', '2018-04-01 14:05:29.357', 1);
INSERT INTO home2work.dbo.message (id, sender_id, chat_id, text, time, new) VALUES (118, 3, 13, 'Ciao!', '2018-04-01 14:06:32.343', 1);
INSERT INTO home2work.dbo.message (id, sender_id, chat_id, text, time, new) VALUES (119, 3, 9, 'Hey!', '2018-04-01 14:09:42.023', 1);
INSERT INTO home2work.dbo.message (id, sender_id, chat_id, text, time, new) VALUES (120, 39, 12, 'test', '2018-04-05 19:07:26.533', 0);
INSERT INTO home2work.dbo.message (id, sender_id, chat_id, text, time, new) VALUES (121, 39, 12, 'test', '2018-04-05 19:07:48.347', 0);
INSERT INTO home2work.dbo.message (id, sender_id, chat_id, text, time, new) VALUES (122, 7, 10, 'Postman test', '2018-04-05 19:16:17.050', 0);
INSERT INTO home2work.dbo.message (id, sender_id, chat_id, text, time, new) VALUES (123, 7, 10, 'Postman test', '2018-04-05 19:16:36.160', 0);
INSERT INTO home2work.dbo.message (id, sender_id, chat_id, text, time, new) VALUES (124, 7, 10, 'Postman test', '2018-04-05 19:16:53.053', 0);
INSERT INTO home2work.dbo.message (id, sender_id, chat_id, text, time, new) VALUES (125, 7, 10, 'Postman test', '2018-04-05 19:19:08.353', 0);
INSERT INTO home2work.dbo.message (id, sender_id, chat_id, text, time, new) VALUES (126, 7, 10, 'Postman test', '2018-04-05 19:19:09.743', 0);
INSERT INTO home2work.dbo.message (id, sender_id, chat_id, text, time, new) VALUES (127, 7, 10, 'Postman test', '2018-04-05 19:19:11.353', 0);
INSERT INTO home2work.dbo.message (id, sender_id, chat_id, text, time, new) VALUES (128, 7, 10, 'Postman test', '2018-04-05 19:19:24.400', 0);
INSERT INTO home2work.dbo.message (id, sender_id, chat_id, text, time, new) VALUES (129, 7, 10, 'Postman test', '2018-04-05 19:19:30.510', 0);
INSERT INTO home2work.dbo.message (id, sender_id, chat_id, text, time, new) VALUES (130, 7, 10, 'Postman test', '2018-04-05 19:19:46.420', 0);
INSERT INTO home2work.dbo.message (id, sender_id, chat_id, text, time, new) VALUES (131, 7, 10, 'Postman test', '2018-04-05 19:24:59.600', 0);
INSERT INTO home2work.dbo.message (id, sender_id, chat_id, text, time, new) VALUES (132, 7, 10, 'CIAOOOO', '2018-04-06 09:12:02.883', 0);
INSERT INTO home2work.dbo.message (id, sender_id, chat_id, text, time, new) VALUES (133, 7, 10, 'CIAOOOO', '2018-04-06 09:12:04.383', 0);
INSERT INTO home2work.dbo.message (id, sender_id, chat_id, text, time, new) VALUES (134, 7, 10, 'CIAOOOO', '2018-04-06 09:12:27.947', 0);
INSERT INTO home2work.dbo.message (id, sender_id, chat_id, text, time, new) VALUES (135, 7, 10, 'CIAOOOO', '2018-04-06 09:12:43.617', 0);
INSERT INTO home2work.dbo.message (id, sender_id, chat_id, text, time, new) VALUES (136, 7, 10, 'Postman test', '2018-04-06 09:29:01.840', 0);
INSERT INTO home2work.dbo.message (id, sender_id, chat_id, text, time, new) VALUES (137, 39, 12, 'ciao!', '2018-04-06 13:31:08.553', 0);
INSERT INTO home2work.dbo.message (id, sender_id, chat_id, text, time, new) VALUES (138, 3, 12, 'Hey!', '2018-04-06 13:31:28.553', 0);
INSERT INTO home2work.dbo.message (id, sender_id, chat_id, text, time, new) VALUES (139, 39, 12, 'we', '2018-04-06 13:31:50.507', 0);
INSERT INTO home2work.dbo.message (id, sender_id, chat_id, text, time, new) VALUES (140, 3, 12, 'Ciao', '2018-04-06 13:32:17.820', 0);
INSERT INTO home2work.dbo.message (id, sender_id, chat_id, text, time, new) VALUES (141, 3, 12, 'Hey', '2018-04-06 13:32:57.307', 0);
INSERT INTO home2work.dbo.message (id, sender_id, chat_id, text, time, new) VALUES (142, 3, 12, 'We', '2018-04-06 13:37:04.970', 0);
INSERT INTO home2work.dbo.message (id, sender_id, chat_id, text, time, new) VALUES (143, 3, 12, 'Ciao', '2018-04-06 13:37:44.740', 0);
INSERT INTO home2work.dbo.message (id, sender_id, chat_id, text, time, new) VALUES (144, 3, 12, 'Ciao', '2018-04-06 13:41:03.277', 0);
INSERT INTO home2work.dbo.message (id, sender_id, chat_id, text, time, new) VALUES (145, 3, 12, 'Ciao', '2018-04-06 13:41:32.590', 0);
INSERT INTO home2work.dbo.message (id, sender_id, chat_id, text, time, new) VALUES (146, 3, 12, 'Hey', '2018-04-06 13:43:26.907', 0);
INSERT INTO home2work.dbo.message (id, sender_id, chat_id, text, time, new) VALUES (147, 3, 12, 'Ciao', '2018-04-06 13:44:49.643', 0);
INSERT INTO home2work.dbo.message (id, sender_id, chat_id, text, time, new) VALUES (148, 39, 12, 'ciao', '2018-04-06 13:45:37.850', 0);
INSERT INTO home2work.dbo.message (id, sender_id, chat_id, text, time, new) VALUES (149, 3, 12, 'Ciao', '2018-04-06 13:47:59.337', 0);
INSERT INTO home2work.dbo.message (id, sender_id, chat_id, text, time, new) VALUES (150, 3, 12, 'Ciao', '2018-04-06 13:48:05.493', 0);
INSERT INTO home2work.dbo.message (id, sender_id, chat_id, text, time, new) VALUES (151, 3, 12, 'Come va', '2018-04-06 13:48:09.150', 0);
INSERT INTO home2work.dbo.message (id, sender_id, chat_id, text, time, new) VALUES (152, 39, 12, '??', '2018-04-06 13:51:58.860', 0);
INSERT INTO home2work.dbo.message (id, sender_id, chat_id, text, time, new) VALUES (153, 3, 12, 'Ciao!', '2018-04-06 13:52:15.707', 0);
INSERT INTO home2work.dbo.message (id, sender_id, chat_id, text, time, new) VALUES (154, 39, 12, 'Hey', '2018-04-06 13:52:22.440', 0);
INSERT INTO home2work.dbo.message (id, sender_id, chat_id, text, time, new) VALUES (155, 3, 12, 'Ciao', '2018-04-06 13:52:23.457', 0);
INSERT INTO home2work.dbo.message (id, sender_id, chat_id, text, time, new) VALUES (156, 3, 12, 'Hey', '2018-04-06 13:52:31.160', 0);
INSERT INTO home2work.dbo.message (id, sender_id, chat_id, text, time, new) VALUES (157, 39, 12, 'hey', '2018-04-06 13:52:31.237', 0);
INSERT INTO home2work.dbo.message (id, sender_id, chat_id, text, time, new) VALUES (158, 7, 10, 'Sì, ci vediamo alle 17:00', '2018-04-07 14:21:38.490', 1);
INSERT INTO home2work.dbo.message (id, sender_id, chat_id, text, time, new) VALUES (159, 3, 12, 'Test', '2018-04-07 14:28:45.520', 0);
INSERT INTO home2work.dbo.message (id, sender_id, chat_id, text, time, new) VALUES (160, 3, 12, 'Test ', '2018-04-07 14:32:38.403', 0);
INSERT INTO home2work.dbo.message (id, sender_id, chat_id, text, time, new) VALUES (161, 3, 12, 'Test', '2018-04-07 14:33:56.327', 0);
INSERT INTO home2work.dbo.message (id, sender_id, chat_id, text, time, new) VALUES (162, 3, 12, 'Test', '2018-04-07 14:34:31.843', 0);
INSERT INTO home2work.dbo.message (id, sender_id, chat_id, text, time, new) VALUES (163, 3, 12, 'Test', '2018-04-07 14:34:42.767', 0);
INSERT INTO home2work.dbo.message (id, sender_id, chat_id, text, time, new) VALUES (164, 3, 12, 'Test', '2018-04-07 14:34:47.203', 0);
INSERT INTO home2work.dbo.message (id, sender_id, chat_id, text, time, new) VALUES (165, 3, 12, 'Test', '2018-04-07 14:35:21.533', 0);
INSERT INTO home2work.dbo.message (id, sender_id, chat_id, text, time, new) VALUES (166, 3, 12, 'Test', '2018-04-07 14:36:11.363', 0);
INSERT INTO home2work.dbo.message (id, sender_id, chat_id, text, time, new) VALUES (167, 3, 12, 'Ciao', '2018-04-07 14:38:42.150', 0);
INSERT INTO home2work.dbo.message (id, sender_id, chat_id, text, time, new) VALUES (168, 3, 12, 'Ciao', '2018-04-07 14:39:40.387', 0);
INSERT INTO home2work.dbo.message (id, sender_id, chat_id, text, time, new) VALUES (169, 3, 12, 'Ciao', '2018-04-07 14:41:16.280', 0);
INSERT INTO home2work.dbo.message (id, sender_id, chat_id, text, time, new) VALUES (170, 3, 12, 'Weeeee', '2018-04-07 14:41:19.577', 0);
INSERT INTO home2work.dbo.message (id, sender_id, chat_id, text, time, new) VALUES (171, 3, 12, 'Weeeeeeeeeeee', '2018-04-07 14:41:30.217', 0);
INSERT INTO home2work.dbo.message (id, sender_id, chat_id, text, time, new) VALUES (172, 3, 12, 'Weeeeeeee', '2018-04-07 15:47:25.680', 0);
INSERT INTO home2work.dbo.message (id, sender_id, chat_id, text, time, new) VALUES (173, 39, 12, 'we', '2018-04-07 16:04:54.590', 0);
INSERT INTO home2work.dbo.message (id, sender_id, chat_id, text, time, new) VALUES (174, 3, 1, 'Hey', '2018-04-09 19:02:51.743', 0);
INSERT INTO home2work.dbo.message (id, sender_id, chat_id, text, time, new) VALUES (175, 39, 12, 'hey ', '2018-04-09 19:09:02.770', 0);
INSERT INTO home2work.dbo.message (id, sender_id, chat_id, text, time, new) VALUES (176, 3, 12, 'Hey!', '2018-04-09 19:09:16.443', 0);
INSERT INTO home2work.dbo.message (id, sender_id, chat_id, text, time, new) VALUES (177, 3, 12, 'Hey', '2018-04-09 19:09:36.600', 0);
INSERT INTO home2work.dbo.message (id, sender_id, chat_id, text, time, new) VALUES (178, 3, 15, 'Test', '2018-04-10 15:01:46.677', 1);
INSERT INTO home2work.dbo.message (id, sender_id, chat_id, text, time, new) VALUES (179, 3, 15, 'Test', '2018-04-10 15:01:52.350', 1);
INSERT INTO home2work.dbo.message (id, sender_id, chat_id, text, time, new) VALUES (180, 3, 15, 'Test', '2018-04-10 15:02:03.210', 1);
INSERT INTO home2work.dbo.message (id, sender_id, chat_id, text, time, new) VALUES (181, 3, 15, 'Hey', '2018-04-10 15:06:11.870', 1);
INSERT INTO home2work.dbo.message (id, sender_id, chat_id, text, time, new) VALUES (182, 3, 15, 'Test', '2018-04-10 15:16:16.797', 1);
INSERT INTO home2work.dbo.message (id, sender_id, chat_id, text, time, new) VALUES (183, 3, 12, 'Ciao', '2018-04-10 15:16:49.737', 1);
INSERT INTO home2work.dbo.message (id, sender_id, chat_id, text, time, new) VALUES (184, 3, 12, 'Hey', '2018-04-16 15:19:13.607', 1);
INSERT INTO home2work.dbo.message (id, sender_id, chat_id, text, time, new) VALUES (185, 9, 8, 'Ciao!', '2018-06-11 11:02:47.580', 1);
INSERT INTO home2work.dbo.message (id, sender_id, chat_id, text, time, new) VALUES (186, 9, 11, 'Hey ciao!', '2018-06-11 11:03:29.270', 1);
INSERT INTO home2work.dbo.scl_location (id, user_id, time, latitude, longitude, type) VALUES (95125, 3, '2018-08-14 17:40:37.000', 44.166159600, 10.123493100, 0);
INSERT INTO home2work.dbo.scl_location (id, user_id, time, latitude, longitude, type) VALUES (95126, 3, '2018-08-14 17:59:33.000', 44.196921179, 10.187755022, 1);
INSERT INTO home2work.dbo.scl_location (id, user_id, time, latitude, longitude, type) VALUES (95127, 3, '2018-08-14 18:14:23.000', 44.196885000, 10.187824600, 0);
INSERT INTO home2work.dbo.scl_location (id, user_id, time, latitude, longitude, type) VALUES (95128, 3, '2018-08-14 18:34:57.000', 44.179312132, 10.115155285, 1);
INSERT INTO home2work.dbo.scl_location (id, user_id, time, latitude, longitude, type) VALUES (95137, 3, '2018-08-15 10:12:27.000', 44.166159600, 10.123493100, 0);
INSERT INTO home2work.dbo.scl_location (id, user_id, time, latitude, longitude, type) VALUES (95138, 3, '2018-08-15 10:24:08.000', 44.198782014, 10.041726151, 1);
INSERT INTO home2work.dbo.scl_location (id, user_id, time, latitude, longitude, type) VALUES (95139, 3, '2018-08-15 10:47:33.000', 44.198423300, 10.040560600, 0);
INSERT INTO home2work.dbo.scl_location (id, user_id, time, latitude, longitude, type) VALUES (95140, 3, '2018-08-15 10:59:29.000', 44.221905618, 9.970149169, 1);
INSERT INTO home2work.dbo.scl_location (id, user_id, time, latitude, longitude, type) VALUES (95141, 3, '2018-08-15 11:17:57.000', 44.228975100, 9.968339600, 0);
INSERT INTO home2work.dbo.scl_location (id, user_id, time, latitude, longitude, type) VALUES (95142, 3, '2018-08-15 11:52:57.000', 44.179843479, 10.113505496, 1);
INSERT INTO home2work.dbo.scl_location (id, user_id, time, latitude, longitude, type) VALUES (95143, 3, '2018-08-15 12:01:19.000', 44.166202300, 10.123539900, 0);
INSERT INTO home2work.dbo.scl_location (id, user_id, time, latitude, longitude, type) VALUES (95144, 3, '2018-08-15 12:11:53.000', 44.168411925, 10.151344990, 1);
INSERT INTO home2work.dbo.scl_location (id, user_id, time, latitude, longitude, type) VALUES (95145, 3, '2018-08-15 18:57:54.000', 44.168954000, 10.152414600, 0);
INSERT INTO home2work.dbo.scl_location (id, user_id, time, latitude, longitude, type) VALUES (95146, 3, '2018-08-15 19:04:01.000', 44.165271980, 10.125310411, 1);
INSERT INTO home2work.dbo.scl_location (id, user_id, time, latitude, longitude, type) VALUES (95147, 3, '2018-08-15 19:58:43.000', 44.167977600, 10.120091700, 0);
INSERT INTO home2work.dbo.scl_location (id, user_id, time, latitude, longitude, type) VALUES (95148, 3, '2018-08-15 20:02:41.000', 44.171620500, 10.141792100, 1);
INSERT INTO home2work.dbo.scl_location (id, user_id, time, latitude, longitude, type) VALUES (95149, 3, '2018-08-15 23:29:57.000', 44.172251200, 10.144592500, 0);
INSERT INTO home2work.dbo.scl_location (id, user_id, time, latitude, longitude, type) VALUES (95150, 3, '2018-08-15 23:44:32.000', 44.165077310, 10.132336465, 1);
INSERT INTO home2work.dbo.scl_location (id, user_id, time, latitude, longitude, type) VALUES (95151, 3, '2018-08-16 00:31:04.000', 44.165077310, 10.132336465, 0);
INSERT INTO home2work.dbo.scl_location (id, user_id, time, latitude, longitude, type) VALUES (95152, 3, '2018-08-16 00:33:08.000', 44.164930000, 10.132620000, 1);
INSERT INTO home2work.dbo.scl_location (id, user_id, time, latitude, longitude, type) VALUES (95165, 3, '2018-08-17 22:37:32.000', 44.166784100, 10.123591400, 0);
INSERT INTO home2work.dbo.scl_location (id, user_id, time, latitude, longitude, type) VALUES (95166, 3, '2018-08-17 22:53:09.000', 44.191204300, 10.055246900, 1);
INSERT INTO home2work.dbo.scl_location (id, user_id, time, latitude, longitude, type) VALUES (95168, 3, '2018-08-17 23:33:29.000', 44.191204300, 10.055246900, 0);
INSERT INTO home2work.dbo.scl_location (id, user_id, time, latitude, longitude, type) VALUES (95169, 3, '2018-08-17 23:52:35.000', 44.204036314, 10.001592232, 1);
INSERT INTO home2work.dbo.scl_location (id, user_id, time, latitude, longitude, type) VALUES (95187, 3, '2018-08-28 18:23:25.000', 44.165220198, 10.125659189, 0);
INSERT INTO home2work.dbo.scl_location (id, user_id, time, latitude, longitude, type) VALUES (95190, 3, '2018-08-28 19:10:52.000', 43.966378967, 10.188724423, 1);
INSERT INTO home2work.dbo.scl_location (id, user_id, time, latitude, longitude, type) VALUES (95191, 3, '2018-08-29 00:26:33.000', 43.957536900, 10.195365800, 0);
INSERT INTO home2work.dbo.scl_location (id, user_id, time, latitude, longitude, type) VALUES (95192, 3, '2018-08-29 01:27:38.000', 44.200687252, 10.102863518, 1);
INSERT INTO home2work.dbo.scl_location (id, user_id, time, latitude, longitude, type) VALUES (95204, 3, '2018-09-05 07:50:05.000', 44.167683900, 10.120091700, 0);
INSERT INTO home2work.dbo.scl_location (id, user_id, time, latitude, longitude, type) VALUES (95205, 3, '2018-09-05 08:13:36.000', 44.213378613, 9.977667515, 1);
INSERT INTO home2work.dbo.scl_location (id, user_id, time, latitude, longitude, type) VALUES (95206, 3, '2018-09-06 09:05:01.000', 44.166161900, 10.123540200, 0);
INSERT INTO home2work.dbo.scl_location (id, user_id, time, latitude, longitude, type) VALUES (95207, 3, '2018-09-06 09:55:42.000', 44.157876246, 9.875034241, 1);
INSERT INTO home2work.dbo.scl_location (id, user_id, time, latitude, longitude, type) VALUES (95208, 3, '2018-09-06 10:06:19.000', 44.157772900, 9.875126300, 0);
INSERT INTO home2work.dbo.scl_location (id, user_id, time, latitude, longitude, type) VALUES (95209, 3, '2018-09-06 10:13:19.000', 44.174653468, 9.917658731, 1);
INSERT INTO home2work.dbo.scl_location (id, user_id, time, latitude, longitude, type) VALUES (95210, 3, '2018-09-06 10:18:11.000', 44.174727100, 9.917553800, 0);
INSERT INTO home2work.dbo.scl_location (id, user_id, time, latitude, longitude, type) VALUES (95211, 3, '2018-09-06 10:33:58.000', 44.226798901, 9.967495253, 1);
INSERT INTO home2work.dbo.scl_location (id, user_id, time, latitude, longitude, type) VALUES (95212, 3, '2018-09-06 11:04:21.000', 44.215290000, 9.970435700, 0);
INSERT INTO home2work.dbo.scl_location (id, user_id, time, latitude, longitude, type) VALUES (95213, 3, '2018-09-06 11:30:01.000', 44.166257373, 10.123341502, 1);
INSERT INTO home2work.dbo.scl_location (id, user_id, time, latitude, longitude, type) VALUES (95215, 3, '2018-09-07 22:02:16.000', 44.166100600, 10.123536800, 0);
INSERT INTO home2work.dbo.scl_location (id, user_id, time, latitude, longitude, type) VALUES (95216, 3, '2018-09-07 22:29:14.000', 44.201441516, 9.986042002, 1);
INSERT INTO home2work.dbo.scl_location (id, user_id, time, latitude, longitude, type) VALUES (95217, 3, '2018-09-07 22:29:48.000', 44.215189867, 9.977230949, 0);
INSERT INTO home2work.dbo.scl_location (id, user_id, time, latitude, longitude, type) VALUES (95218, 3, '2018-09-07 22:30:50.000', 44.215189867, 9.977230949, 1);
INSERT INTO home2work.dbo.scl_location (id, user_id, time, latitude, longitude, type) VALUES (95221, 3, '2018-09-08 00:16:12.400', 44.216000000, 9.966930000, 0);
INSERT INTO home2work.dbo.scl_location (id, user_id, time, latitude, longitude, type) VALUES (95223, 3, '2018-09-08 00:56:09.400', 44.165800000, 10.125300000, 1);
INSERT INTO home2work.dbo.scl_location (id, user_id, time, latitude, longitude, type) VALUES (95224, 3, '2018-09-08 15:55:32.000', 44.168627500, 10.119391800, 0);
INSERT INTO home2work.dbo.scl_location (id, user_id, time, latitude, longitude, type) VALUES (95225, 3, '2018-09-08 16:43:36.000', 44.117214898, 9.945463776, 1);
INSERT INTO home2work.dbo.scl_location (id, user_id, time, latitude, longitude, type) VALUES (95226, 3, '2018-09-08 17:07:45.000', 44.130477700, 9.925728700, 0);
INSERT INTO home2work.dbo.scl_location (id, user_id, time, latitude, longitude, type) VALUES (95227, 3, '2018-09-08 17:27:37.000', 44.114366854, 9.846820468, 1);
INSERT INTO home2work.dbo.scl_location (id, user_id, time, latitude, longitude, type) VALUES (95228, 3, '2018-09-08 17:35:55.000', 44.114425700, 9.849989300, 0);
INSERT INTO home2work.dbo.scl_location (id, user_id, time, latitude, longitude, type) VALUES (95229, 3, '2018-09-08 17:46:01.000', 44.118057800, 9.831849700, 1);
INSERT INTO home2work.dbo.scl_location (id, user_id, time, latitude, longitude, type) VALUES (95230, 3, '2018-09-08 19:20:33.000', 44.117318300, 9.833593800, 0);
INSERT INTO home2work.dbo.scl_location (id, user_id, time, latitude, longitude, type) VALUES (95231, 3, '2018-09-08 19:40:26.000', 44.117636475, 9.944613156, 1);
INSERT INTO home2work.dbo.scl_location (id, user_id, time, latitude, longitude, type) VALUES (95232, 3, '2018-09-08 22:13:51.000', 44.118208100, 9.944935900, 0);
INSERT INTO home2work.dbo.scl_location (id, user_id, time, latitude, longitude, type) VALUES (95233, 3, '2018-09-08 22:32:41.000', 44.049618368, 9.982907599, 1);
INSERT INTO home2work.dbo.scl_location (id, user_id, time, latitude, longitude, type) VALUES (95234, 3, '2018-09-08 23:17:17.000', 44.047139200, 9.984768500, 0);
INSERT INTO home2work.dbo.scl_location (id, user_id, time, latitude, longitude, type) VALUES (95235, 3, '2018-09-08 23:42:00.000', 44.064538400, 9.994137000, 0);
INSERT INTO home2work.dbo.scl_location (id, user_id, time, latitude, longitude, type) VALUES (95236, 3, '2018-09-08 23:53:36.000', 44.096025290, 9.938359015, 1);
INSERT INTO home2work.dbo.scl_location (id, user_id, time, latitude, longitude, type) VALUES (95237, 3, '2018-09-08 23:55:57.000', 44.096025290, 9.938359015, 0);
INSERT INTO home2work.dbo.scl_location (id, user_id, time, latitude, longitude, type) VALUES (95238, 3, '2018-09-08 23:56:18.000', 44.096025290, 9.938359015, 1);
INSERT INTO home2work.dbo.scl_location (id, user_id, time, latitude, longitude, type) VALUES (95239, 3, '2018-09-08 23:56:26.000', 44.096025290, 9.938359015, 0);
INSERT INTO home2work.dbo.scl_location (id, user_id, time, latitude, longitude, type) VALUES (95240, 3, '2018-09-09 00:35:36.000', 44.213651500, 9.969038300, 1);
INSERT INTO home2work.dbo.scl_location (id, user_id, time, latitude, longitude, type) VALUES (95241, 3, '2018-09-09 00:36:49.000', 44.213651500, 9.969038300, 0);
INSERT INTO home2work.dbo.scl_location (id, user_id, time, latitude, longitude, type) VALUES (95242, 3, '2018-09-09 00:38:23.000', 44.202953000, 9.987206800, 1);
INSERT INTO home2work.dbo.scl_location (id, user_id, time, latitude, longitude, type) VALUES (95243, 3, '2018-09-09 00:38:44.000', 44.205626700, 9.979653700, 0);
INSERT INTO home2work.dbo.scl_location (id, user_id, time, latitude, longitude, type) VALUES (95244, 3, '2018-09-09 00:41:55.000', 44.204538084, 10.002338620, 1);
INSERT INTO home2work.dbo.scl_location (id, user_id, time, latitude, longitude, type) VALUES (95245, 3, '2018-09-09 00:43:04.000', 44.206391900, 10.011570100, 0);
INSERT INTO home2work.dbo.scl_location (id, user_id, time, latitude, longitude, type) VALUES (95246, 3, '2018-09-09 00:58:49.000', 44.165034456, 10.126795203, 0);
INSERT INTO home2work.dbo.scl_location (id, user_id, time, latitude, longitude, type) VALUES (95247, 3, '2018-09-09 01:07:51.000', 44.166042400, 10.123777400, 1);
INSERT INTO home2work.dbo.scl_location (id, user_id, time, latitude, longitude, type) VALUES (95253, 3, '2018-09-10 05:52:01.000', 44.170933400, 10.116592200, 0);
INSERT INTO home2work.dbo.scl_location (id, user_id, time, latitude, longitude, type) VALUES (95254, 3, '2018-09-10 06:16:47.000', 44.219429387, 9.976826199, 1);
INSERT INTO home2work.dbo.scl_location (id, user_id, time, latitude, longitude, type) VALUES (95255, 3, '2018-09-10 06:43:57.000', 44.248086100, 9.957859500, 0);
INSERT INTO home2work.dbo.scl_location (id, user_id, time, latitude, longitude, type) VALUES (95256, 3, '2018-09-10 07:52:22.000', 44.711809412, 10.140198222, 1);
INSERT INTO home2work.dbo.scl_location (id, user_id, time, latitude, longitude, type) VALUES (95257, 3, '2018-09-10 07:55:55.000', 44.728987989, 10.168670377, 0);
INSERT INTO home2work.dbo.scl_location (id, user_id, time, latitude, longitude, type) VALUES (95258, 3, '2018-09-10 08:09:33.000', 44.810411082, 10.329131702, 1);
INSERT INTO home2work.dbo.scl_location (id, user_id, time, latitude, longitude, type) VALUES (95259, 3, '2018-09-10 08:17:32.000', 44.806997800, 10.330568600, 0);
INSERT INTO home2work.dbo.scl_location (id, user_id, time, latitude, longitude, type) VALUES (95260, 3, '2018-09-10 08:41:04.000', 44.756833200, 10.311931700, 1);
INSERT INTO home2work.dbo.scl_location (id, user_id, time, latitude, longitude, type) VALUES (95261, 3, '2018-09-10 11:18:16.000', 44.769119600, 10.315309300, 0);
INSERT INTO home2work.dbo.scl_location (id, user_id, time, latitude, longitude, type) VALUES (95262, 3, '2018-09-10 11:43:19.000', 44.808616000, 10.325678600, 1);
INSERT INTO home2work.dbo.scl_location (id, user_id, time, latitude, longitude, type) VALUES (95263, 3, '2018-09-10 12:34:28.000', 44.804813894, 10.302550677, 0);
INSERT INTO home2work.dbo.scl_location (id, user_id, time, latitude, longitude, type) VALUES (95264, 3, '2018-09-10 13:04:29.000', 40.841865000, 9.696760900, 1);
INSERT INTO home2work.dbo.scl_location (id, user_id, time, latitude, longitude, type) VALUES (95265, 3, '2018-09-10 13:30:47.000', 44.534737600, 9.880695900, 0);
INSERT INTO home2work.dbo.scl_location (id, user_id, time, latitude, longitude, type) VALUES (95278, 3, '2018-09-14 14:47:57.000', 44.166159700, 10.123670400, 0);
INSERT INTO home2work.dbo.scl_location (id, user_id, time, latitude, longitude, type) VALUES (95279, 3, '2018-09-14 15:35:56.000', 44.104093369, 9.965190566, 1);
INSERT INTO home2work.dbo.scl_location (id, user_id, time, latitude, longitude, type) VALUES (95280, 3, '2018-09-14 15:55:41.000', 44.103946100, 9.963285600, 0);
INSERT INTO home2work.dbo.scl_location (id, user_id, time, latitude, longitude, type) VALUES (95281, 3, '2018-09-14 16:00:58.000', 44.105769627, 9.948552418, 1);
INSERT INTO home2work.dbo.scl_location (id, user_id, time, latitude, longitude, type) VALUES (95282, 3, '2018-09-14 16:33:02.000', 44.105587200, 9.948367300, 0);
INSERT INTO home2work.dbo.scl_location (id, user_id, time, latitude, longitude, type) VALUES (95283, 3, '2018-09-14 17:32:26.000', 44.166909505, 10.122185510, 1);
INSERT INTO home2work.dbo.scl_location (id, user_id, time, latitude, longitude, type) VALUES (95284, 3, '2018-09-14 23:35:13.000', 44.166784100, 10.123591400, 0);
INSERT INTO home2work.dbo.scl_location (id, user_id, time, latitude, longitude, type) VALUES (95285, 3, '2018-09-15 00:42:48.000', 44.168952500, 10.119041900, 0);
INSERT INTO home2work.dbo.scl_location (id, user_id, time, latitude, longitude, type) VALUES (95286, 3, '2018-09-15 01:08:20.000', 44.166308800, 10.123335800, 0);
INSERT INTO home2work.dbo.scl_location (id, user_id, time, latitude, longitude, type) VALUES (95287, 3, '2018-09-15 01:52:34.000', 44.167683900, 10.120091700, 0);
INSERT INTO home2work.dbo.scl_location (id, user_id, time, latitude, longitude, type) VALUES (95288, 3, '2018-09-15 01:57:36.000', 44.165236590, 10.125771095, 1);
INSERT INTO home2work.dbo.scl_location (id, user_id, time, latitude, longitude, type) VALUES (95289, 3, '2018-09-15 02:54:56.000', 44.166139400, 10.123523000, 0);
INSERT INTO home2work.dbo.scl_location (id, user_id, time, latitude, longitude, type) VALUES (95290, 3, '2018-09-15 03:53:13.000', 44.166139400, 10.123515300, 0);
INSERT INTO home2work.dbo.scl_location (id, user_id, time, latitude, longitude, type) VALUES (95291, 3, '2018-09-15 04:56:55.000', 44.166151300, 10.123515100, 0);
INSERT INTO home2work.dbo.scl_location (id, user_id, time, latitude, longitude, type) VALUES (95292, 3, '2018-09-15 06:05:44.000', 44.166141300, 10.123513600, 0);
INSERT INTO home2work.dbo.scl_location (id, user_id, time, latitude, longitude, type) VALUES (95293, 3, '2018-09-15 07:04:01.000', 44.166120900, 10.123514900, 0);
INSERT INTO home2work.dbo.scl_location (id, user_id, time, latitude, longitude, type) VALUES (95294, 3, '2018-09-15 10:40:22.000', 44.169637100, 10.121349500, 0);
INSERT INTO home2work.dbo.scl_location (id, user_id, time, latitude, longitude, type) VALUES (95295, 3, '2018-09-15 11:04:42.000', 44.217845547, 9.970294744, 1);
INSERT INTO home2work.dbo.scl_location (id, user_id, time, latitude, longitude, type) VALUES (95296, 3, '2018-09-15 12:14:07.000', 44.218902100, 9.968866400, 0);
INSERT INTO home2work.dbo.scl_location (id, user_id, time, latitude, longitude, type) VALUES (95297, 3, '2018-09-15 12:16:23.000', 44.226997600, 9.968484300, 1);
INSERT INTO home2work.dbo.scl_location (id, user_id, time, latitude, longitude, type) VALUES (95298, 3, '2018-09-15 12:37:14.000', 44.226834600, 9.968825800, 0);
INSERT INTO home2work.dbo.scl_location (id, user_id, time, latitude, longitude, type) VALUES (95299, 3, '2018-09-15 13:06:40.000', 44.166287400, 10.123848937, 1);
INSERT INTO home2work.dbo.scl_location (id, user_id, time, latitude, longitude, type) VALUES (95300, 3, '2018-09-15 16:59:29.000', 44.166158100, 10.123510300, 0);
INSERT INTO home2work.dbo.scl_location (id, user_id, time, latitude, longitude, type) VALUES (95301, 3, '2018-09-15 17:21:32.000', 44.166146600, 10.123519400, 1);
INSERT INTO home2work.dbo.scl_location (id, user_id, time, latitude, longitude, type) VALUES (95302, 3, '2018-09-15 18:53:12.000', 44.165842900, 10.124328600, 0);
INSERT INTO home2work.dbo.scl_location (id, user_id, time, latitude, longitude, type) VALUES (95303, 3, '2018-09-15 19:35:19.000', 44.239691288, 10.018306475, 1);
INSERT INTO home2work.dbo.scl_location (id, user_id, time, latitude, longitude, type) VALUES (95304, 3, '2018-09-15 19:35:30.000', 44.239646300, 10.018197300, 1);
INSERT INTO home2work.dbo.scl_location (id, user_id, time, latitude, longitude, type) VALUES (95305, 3, '2018-09-15 23:20:01.000', 44.202400800, 9.959586300, 0);
INSERT INTO home2work.dbo.scl_location (id, user_id, time, latitude, longitude, type) VALUES (95306, 3, '2018-09-15 23:35:29.000', 44.208349338, 9.968239395, 1);
INSERT INTO home2work.dbo.scl_location (id, user_id, time, latitude, longitude, type) VALUES (95307, 3, '2018-09-15 23:35:33.000', 44.208349338, 9.968239395, 0);
INSERT INTO home2work.dbo.scl_location (id, user_id, time, latitude, longitude, type) VALUES (95308, 3, '2018-09-16 01:07:06.000', 44.213592300, 9.967499600, 0);
INSERT INTO home2work.dbo.scl_location (id, user_id, time, latitude, longitude, type) VALUES (95309, 3, '2018-09-16 01:32:35.000', 44.213662000, 9.967796500, 0);
INSERT INTO home2work.dbo.scl_location (id, user_id, time, latitude, longitude, type) VALUES (95310, 3, '2018-09-16 02:20:46.000', 44.209956800, 9.968415200, 0);
INSERT INTO home2work.dbo.scl_location (id, user_id, time, latitude, longitude, type) VALUES (95311, 3, '2018-09-16 02:25:39.000', 44.207547900, 9.968339600, 0);
INSERT INTO home2work.dbo.scl_location (id, user_id, time, latitude, longitude, type) VALUES (95312, 3, '2018-09-16 02:58:20.000', 44.165648935, 10.123402307, 1);
INSERT INTO home2work.dbo.scl_location (id, user_id, time, latitude, longitude, type) VALUES (95313, 3, '2018-09-16 03:36:02.000', 44.166161300, 10.123522900, 0);
INSERT INTO home2work.dbo.scl_location (id, user_id, time, latitude, longitude, type) VALUES (95314, 3, '2018-09-16 22:17:43.000', 44.166044400, 10.123848800, 0);
INSERT INTO home2work.dbo.scl_location (id, user_id, time, latitude, longitude, type) VALUES (95315, 3, '2018-09-16 22:26:59.000', 44.166490400, 10.123591400, 1);
INSERT INTO home2work.dbo.scl_location (id, user_id, time, latitude, longitude, type) VALUES (95316, 3, '2018-09-17 01:39:36.000', 44.166152000, 10.123506300, 0);
INSERT INTO home2work.dbo.scl_location (id, user_id, time, latitude, longitude, type) VALUES (95317, 3, '2018-09-17 02:43:37.000', 44.166150500, 10.123506600, 0);
INSERT INTO home2work.dbo.scl_location (id, user_id, time, latitude, longitude, type) VALUES (95318, 3, '2018-09-17 03:42:38.000', 44.166145600, 10.123509500, 0);
INSERT INTO home2work.dbo.scl_location (id, user_id, time, latitude, longitude, type) VALUES (95319, 3, '2018-09-17 04:46:48.000', 44.166165800, 10.123511800, 0);
INSERT INTO home2work.dbo.scl_location (id, user_id, time, latitude, longitude, type) VALUES (95320, 3, '2018-09-17 05:50:09.000', 44.166147100, 10.123508200, 0);
INSERT INTO home2work.dbo.scl_location (id, user_id, time, latitude, longitude, type) VALUES (95321, 3, '2018-09-17 23:20:16.000', 44.166117000, 10.123516100, 0);
INSERT INTO home2work.dbo.scl_location (id, user_id, time, latitude, longitude, type) VALUES (95322, 3, '2018-09-18 00:46:36.000', 44.166120900, 10.123514900, 0);
INSERT INTO home2work.dbo.scl_location (id, user_id, time, latitude, longitude, type) VALUES (95323, 3, '2018-09-18 02:05:37.000', 44.166167500, 10.123519500, 0);
INSERT INTO home2work.dbo.scl_location (id, user_id, time, latitude, longitude, type) VALUES (95324, 3, '2018-09-18 22:40:23.000', 44.166490400, 10.123591400, 0);
INSERT INTO home2work.dbo.scl_location (id, user_id, time, latitude, longitude, type) VALUES (95325, 3, '2018-09-18 22:49:34.000', 44.166011700, 10.124003100, 1);
INSERT INTO home2work.dbo.scl_location (id, user_id, time, latitude, longitude, type) VALUES (95326, 3, '2018-09-18 23:51:51.000', 44.166055200, 10.123457400, 0);
INSERT INTO home2work.dbo.scl_location (id, user_id, time, latitude, longitude, type) VALUES (95327, 3, '2018-09-19 00:16:06.000', 44.166052000, 10.123449600, 0);
INSERT INTO home2work.dbo.scl_location (id, user_id, time, latitude, longitude, type) VALUES (95328, 3, '2018-09-19 01:12:59.000', 44.166064100, 10.123475400, 0);
INSERT INTO home2work.dbo.scl_location (id, user_id, time, latitude, longitude, type) VALUES (95329, 3, '2018-09-19 02:29:47.000', 44.166065100, 10.123453300, 0);
INSERT INTO home2work.dbo.scl_location (id, user_id, time, latitude, longitude, type) VALUES (95330, 3, '2018-09-19 08:48:40.000', 44.166117900, 10.123499000, 0);
INSERT INTO home2work.dbo.scl_location (id, user_id, time, latitude, longitude, type) VALUES (95331, 3, '2018-09-19 09:33:49.000', 44.236541805, 10.122479747, 1);
INSERT INTO home2work.dbo.scl_location (id, user_id, time, latitude, longitude, type) VALUES (95332, 3, '2018-09-19 10:03:03.000', 44.236650700, 10.122252000, 0);
INSERT INTO home2work.dbo.scl_location (id, user_id, time, latitude, longitude, type) VALUES (95333, 3, '2018-09-19 10:17:46.000', 44.166312343, 10.122809109, 1);
INSERT INTO home2work.dbo.scl_location (id, user_id, time, latitude, longitude, type) VALUES (95334, 3, '2018-09-19 20:25:25.000', 44.166048300, 10.123556300, 0);
INSERT INTO home2work.dbo.scl_location (id, user_id, time, latitude, longitude, type) VALUES (95335, 3, '2018-09-19 20:28:43.000', 44.173161176, 10.110947340, 1);
INSERT INTO home2work.dbo.scl_location (id, user_id, time, latitude, longitude, type) VALUES (95336, 3, '2018-09-19 20:31:15.000', 44.170901200, 10.107705800, 0);
INSERT INTO home2work.dbo.scl_location (id, user_id, time, latitude, longitude, type) VALUES (95337, 3, '2018-09-19 20:33:57.000', 44.170784768, 10.116069368, 1);
INSERT INTO home2work.dbo.scl_location (id, user_id, time, latitude, longitude, type) VALUES (95338, 3, '2018-09-19 23:12:59.000', 44.166053300, 10.123449300, 0);
INSERT INTO home2work.dbo.scl_location (id, user_id, time, latitude, longitude, type) VALUES (95339, 3, '2018-09-19 23:50:18.000', 44.166103800, 10.123471900, 0);
INSERT INTO home2work.dbo.scl_location (id, user_id, time, latitude, longitude, type) VALUES (95340, 3, '2018-09-20 00:14:49.000', 44.166065200, 10.123463200, 0);
INSERT INTO home2work.dbo.scl_location (id, user_id, time, latitude, longitude, type) VALUES (95341, 3, '2018-09-22 15:20:56.000', 44.169637100, 10.121349500, 0);
INSERT INTO home2work.dbo.scl_location (id, user_id, time, latitude, longitude, type) VALUES (95342, 3, '2018-09-22 15:24:25.000', 44.169802500, 10.119391800, 1);
INSERT INTO home2work.dbo.scl_location (id, user_id, time, latitude, longitude, type) VALUES (95343, 3, '2018-09-22 15:54:18.000', 44.171217400, 10.107330000, 0);
INSERT INTO home2work.dbo.scl_location (id, user_id, time, latitude, longitude, type) VALUES (95344, 3, '2018-09-22 17:09:54.000', 44.076889753, 9.829190302, 1);
INSERT INTO home2work.dbo.scl_location (id, user_id, time, latitude, longitude, type) VALUES (95345, 3, '2018-09-22 17:11:29.000', 44.076889753, 9.829190302, 0);
INSERT INTO home2work.dbo.scl_location (id, user_id, time, latitude, longitude, type) VALUES (95346, 3, '2018-09-22 17:22:34.000', 44.054431729, 9.837403349, 1);
INSERT INTO home2work.dbo.scl_location (id, user_id, time, latitude, longitude, type) VALUES (95347, 3, '2018-09-22 19:00:46.000', 44.053627200, 9.838128400, 0);
INSERT INTO home2work.dbo.scl_location (id, user_id, time, latitude, longitude, type) VALUES (95348, 3, '2018-09-22 19:56:25.000', 44.116646919, 9.946132238, 1);
INSERT INTO home2work.dbo.scl_location (id, user_id, time, latitude, longitude, type) VALUES (95349, 3, '2018-09-22 21:02:46.000', 44.116812200, 9.945896400, 0);
INSERT INTO home2work.dbo.scl_location (id, user_id, time, latitude, longitude, type) VALUES (95350, 3, '2018-09-22 21:21:55.000', 44.103222700, 9.969720300, 1);
INSERT INTO home2work.dbo.scl_location (id, user_id, time, latitude, longitude, type) VALUES (95351, 3, '2018-09-24 07:54:26.000', 44.166442400, 10.122752300, 0);
INSERT INTO home2work.dbo.scl_location (id, user_id, time, latitude, longitude, type) VALUES (95352, 3, '2018-09-24 08:16:27.000', 44.219511649, 9.976504629, 1);
INSERT INTO home2work.dbo.scl_location (id, user_id, time, latitude, longitude, type) VALUES (95353, 3, '2018-09-24 08:41:00.000', 44.198399600, 10.046504900, 0);
INSERT INTO home2work.dbo.scl_location (id, user_id, time, latitude, longitude, type) VALUES (95354, 3, '2018-09-24 08:48:50.000', 44.294481934, 9.947986604, 1);
INSERT INTO home2work.dbo.scl_location (id, user_id, time, latitude, longitude, type) VALUES (95355, 3, '2018-09-24 08:51:19.000', 44.294481934, 9.947986604, 0);
INSERT INTO home2work.dbo.scl_location (id, user_id, time, latitude, longitude, type) VALUES (95356, 3, '2018-09-24 10:15:53.000', 44.800112517, 10.300340749, 1);
INSERT INTO home2work.dbo.scl_location (id, user_id, time, latitude, longitude, type) VALUES (95357, 3, '2018-09-24 10:33:25.000', 44.810042100, 10.328482800, 0);
INSERT INTO home2work.dbo.scl_location (id, user_id, time, latitude, longitude, type) VALUES (95358, 3, '2018-09-24 10:56:28.000', 44.765553958, 10.319057754, 1);
INSERT INTO home2work.dbo.scl_location (id, user_id, time, latitude, longitude, type) VALUES (95359, 3, '2018-09-24 12:32:35.000', 44.766089000, 10.309445800, 0);
INSERT INTO home2work.dbo.scl_location (id, user_id, time, latitude, longitude, type) VALUES (95360, 3, '2018-09-24 12:59:41.000', 44.807472966, 10.326741031, 1);
INSERT INTO home2work.dbo.scl_location (id, user_id, time, latitude, longitude, type) VALUES (95361, 3, '2018-09-24 13:49:06.000', 44.810020100, 10.328145800, 0);
INSERT INTO home2work.dbo.scl_location (id, user_id, time, latitude, longitude, type) VALUES (95362, 3, '2018-09-24 16:09:22.000', 44.166000481, 10.123628113, 1);
INSERT INTO home2work.dbo.scl_location (id, user_id, time, latitude, longitude, type) VALUES (95363, 3, '2018-09-24 16:57:18.000', 44.165946700, 10.126391300, 0);
INSERT INTO home2work.dbo.scl_location (id, user_id, time, latitude, longitude, type) VALUES (95364, 3, '2018-09-24 17:41:36.000', 44.159733837, 9.874967717, 1);
INSERT INTO home2work.dbo.scl_location (id, user_id, time, latitude, longitude, type) VALUES (95365, 3, '2018-09-24 17:52:40.000', 44.157829200, 9.875262100, 0);
INSERT INTO home2work.dbo.scl_location (id, user_id, time, latitude, longitude, type) VALUES (95366, 3, '2018-09-24 18:42:36.000', 44.170921353, 10.116570660, 1);
INSERT INTO home2work.dbo.scl_location (id, user_id, time, latitude, longitude, type) VALUES (95367, 3, '2018-09-25 16:33:41.000', 44.169637100, 10.121349500, 0);
INSERT INTO home2work.dbo.scl_location (id, user_id, time, latitude, longitude, type) VALUES (95368, 3, '2018-09-25 16:40:41.000', 44.175778072, 10.102658752, 1);
INSERT INTO home2work.dbo.scl_location (id, user_id, time, latitude, longitude, type) VALUES (95369, 3, '2018-09-26 07:35:01.000', 44.166748200, 10.122246300, 0);
INSERT INTO home2work.dbo.scl_location (id, user_id, time, latitude, longitude, type) VALUES (95370, 3, '2018-09-26 08:15:55.000', 44.168023230, 9.890778509, 1);
INSERT INTO home2work.dbo.scl_location (id, user_id, time, latitude, longitude, type) VALUES (95371, 3, '2018-09-26 09:31:44.000', 44.157903000, 9.875245500, 0);
INSERT INTO home2work.dbo.scl_location (id, user_id, time, latitude, longitude, type) VALUES (95372, 3, '2018-09-26 09:53:09.000', 44.215258762, 9.967886052, 1);
INSERT INTO home2work.dbo.scl_location (id, user_id, time, latitude, longitude, type) VALUES (95373, 3, '2018-09-26 10:03:52.000', 44.227176900, 9.968478800, 0);
INSERT INTO home2work.dbo.scl_location (id, user_id, time, latitude, longitude, type) VALUES (95374, 3, '2018-09-26 10:29:04.000', 44.165927549, 10.123288793, 1);
INSERT INTO home2work.dbo.scl_location (id, user_id, time, latitude, longitude, type) VALUES (95375, 3, '2018-09-26 23:01:04.000', 44.166156800, 10.123516300, 0);
INSERT INTO home2work.dbo.scl_location (id, user_id, time, latitude, longitude, type) VALUES (95376, 3, '2018-09-26 23:12:45.000', 44.165811879, 10.142888131, 1);
INSERT INTO home2work.dbo.scl_location (id, user_id, time, latitude, longitude, type) VALUES (95377, 3, '2018-09-26 23:34:45.000', 44.170156300, 10.151594000, 0);
INSERT INTO home2work.dbo.scl_location (id, user_id, time, latitude, longitude, type) VALUES (95378, 3, '2018-09-27 00:31:03.000', 44.172219900, 10.144942600, 0);
INSERT INTO home2work.dbo.scl_location (id, user_id, time, latitude, longitude, type) VALUES (95379, 3, '2018-09-27 00:35:27.000', 44.165724002, 10.124724234, 1);
INSERT INTO home2work.dbo.session (user_id, session_id) VALUES (5, 'OonuGblGQi2ip8QCJYTUUURTZzp8y3XAf8PG2mMYHGBkldI8ceYTZezXwQkP8EaN');
INSERT INTO home2work.dbo.session (user_id, session_id) VALUES (3, 'EmLHEhe0IUZr0GyvKqLMbom4vawU1CtWbGYKrkqB6Q4pcpTt8tOWThdVhO4yzO8X');
INSERT INTO home2work.dbo.session (user_id, session_id) VALUES (39, 'vwDRtiBeOxZXA6kNOWSIzPBv9O2TGcmJ5BabzPGIlaqtOK8DOPQcMQOh694u5T2W');
INSERT INTO home2work.dbo.session (user_id, session_id) VALUES (7, 'Q3fQXH6oUYcoOLLfBvG1fGUOYNcarcwRvndybTagq3Byy1Lgi1PdlDQ1mxCrCTLL');
INSERT INTO home2work.dbo.session (user_id, session_id) VALUES (40, 'rzx9BzimgleRjRccoPf0NA4Z5uZtitxeKfJkKwu6USzUJtyxIQ5umnE0ptoHf1Wy');
INSERT INTO home2work.dbo.session (user_id, session_id) VALUES (9, 'BIxCrt2BjVDShOZwLpk8wNqwtLh8Jth4t45GzqjbKpl01vnzuARSTi3aphv22ISh');
INSERT INTO home2work.dbo.session (user_id, session_id) VALUES (64, 'YjcrNmDWX0tCxD39YupzkL9augPbWj8mddXaaNftzBgc1dbpqDe0fu458XuTwEW2');
INSERT INTO home2work.dbo.share (id, host_id, status, time, start_latitude, start_longitude, end_latitude, end_longitude, distance) VALUES (22, 9, 2, '2018-01-14 20:17:28.320', 0.000000000, 0.000000000, null, null, 0);
INSERT INTO home2work.dbo.share (id, host_id, status, time, start_latitude, start_longitude, end_latitude, end_longitude, distance) VALUES (23, 9, 1, '2018-01-15 12:42:35.457', 0.000000000, 0.000000000, null, null, 0);
INSERT INTO home2work.dbo.share (id, host_id, status, time, start_latitude, start_longitude, end_latitude, end_longitude, distance) VALUES (25, 9, 2, '2018-01-17 12:27:50.573', 0.000000000, 0.000000000, null, null, 0);
INSERT INTO home2work.dbo.share (id, host_id, status, time, start_latitude, start_longitude, end_latitude, end_longitude, distance) VALUES (26, 9, 1, '2018-01-17 12:38:24.533', 0.000000000, 0.000000000, null, null, 0);
INSERT INTO home2work.dbo.share (id, host_id, status, time, start_latitude, start_longitude, end_latitude, end_longitude, distance) VALUES (27, 9, 2, '2018-01-17 12:42:02.070', 0.000000000, 0.000000000, null, null, 0);
INSERT INTO home2work.dbo.share (id, host_id, status, time, start_latitude, start_longitude, end_latitude, end_longitude, distance) VALUES (28, 9, 1, '2018-01-17 12:56:09.830', 0.000000000, 0.000000000, null, null, 0);
INSERT INTO home2work.dbo.share (id, host_id, status, time, start_latitude, start_longitude, end_latitude, end_longitude, distance) VALUES (29, 5, 2, '2018-01-17 13:37:00.810', 0.000000000, 0.000000000, null, null, 0);
INSERT INTO home2work.dbo.share (id, host_id, status, time, start_latitude, start_longitude, end_latitude, end_longitude, distance) VALUES (30, 5, 2, '2018-01-17 13:39:16.280', 0.000000000, 0.000000000, null, null, 0);
INSERT INTO home2work.dbo.share (id, host_id, status, time, start_latitude, start_longitude, end_latitude, end_longitude, distance) VALUES (31, 5, 2, '2018-01-17 13:39:52.783', 0.000000000, 0.000000000, null, null, 0);
INSERT INTO home2work.dbo.share (id, host_id, status, time, start_latitude, start_longitude, end_latitude, end_longitude, distance) VALUES (32, 5, 2, '2018-01-17 15:18:49.690', 0.000000000, 0.000000000, null, null, 0);
INSERT INTO home2work.dbo.share (id, host_id, status, time, start_latitude, start_longitude, end_latitude, end_longitude, distance) VALUES (33, 5, 2, '2018-01-18 22:48:30.090', 0.000000000, 0.000000000, null, null, 0);
INSERT INTO home2work.dbo.share (id, host_id, status, time, start_latitude, start_longitude, end_latitude, end_longitude, distance) VALUES (34, 5, 2, '2018-01-18 23:01:46.737', 0.000000000, 0.000000000, null, null, 0);
INSERT INTO home2work.dbo.share (id, host_id, status, time, start_latitude, start_longitude, end_latitude, end_longitude, distance) VALUES (35, 9, 2, '2018-01-18 23:03:20.130', 0.000000000, 0.000000000, null, null, 0);
INSERT INTO home2work.dbo.share (id, host_id, status, time, start_latitude, start_longitude, end_latitude, end_longitude, distance) VALUES (36, 5, 2, '2018-01-19 08:43:57.660', 0.000000000, 0.000000000, null, null, 0);
INSERT INTO home2work.dbo.share (id, host_id, status, time, start_latitude, start_longitude, end_latitude, end_longitude, distance) VALUES (37, 5, 2, '2018-01-19 14:40:16.147', 0.000000000, 0.000000000, null, null, 0);
INSERT INTO home2work.dbo.share (id, host_id, status, time, start_latitude, start_longitude, end_latitude, end_longitude, distance) VALUES (38, 5, 2, '2018-01-21 21:54:39.710', 0.000000000, 0.000000000, null, null, 0);
INSERT INTO home2work.dbo.share (id, host_id, status, time, start_latitude, start_longitude, end_latitude, end_longitude, distance) VALUES (39, 5, 2, '2018-01-22 12:36:41.110', 0.000000000, 0.000000000, null, null, 0);
INSERT INTO home2work.dbo.share (id, host_id, status, time, start_latitude, start_longitude, end_latitude, end_longitude, distance) VALUES (40, 66, 2, '2018-01-24 18:30:53.533', 0.000000000, 0.000000000, null, null, 0);
INSERT INTO home2work.dbo.share (id, host_id, status, time, start_latitude, start_longitude, end_latitude, end_longitude, distance) VALUES (41, 66, 2, '2018-01-24 18:50:22.287', 0.000000000, 0.000000000, null, null, 0);
INSERT INTO home2work.dbo.share (id, host_id, status, time, start_latitude, start_longitude, end_latitude, end_longitude, distance) VALUES (43, 66, 2, '2018-01-29 11:47:05.097', 0.000000000, 0.000000000, null, null, 0);
INSERT INTO home2work.dbo.share (id, host_id, status, time, start_latitude, start_longitude, end_latitude, end_longitude, distance) VALUES (44, 66, 1, '2018-01-29 12:11:20.230', 0.000000000, 0.000000000, null, null, 0);
INSERT INTO home2work.dbo.share (id, host_id, status, time, start_latitude, start_longitude, end_latitude, end_longitude, distance) VALUES (45, 67, 1, '2018-01-30 12:52:56.693', 0.000000000, 0.000000000, null, null, 0);
INSERT INTO home2work.dbo.share (id, host_id, status, time, start_latitude, start_longitude, end_latitude, end_longitude, distance) VALUES (46, 3, 2, '2018-01-31 12:01:11.097', 0.000000000, 0.000000000, null, null, 0);
INSERT INTO home2work.dbo.share (id, host_id, status, time, start_latitude, start_longitude, end_latitude, end_longitude, distance) VALUES (47, 67, 2, '2018-02-04 16:53:17.517', 0.000000000, 0.000000000, null, null, 0);
INSERT INTO home2work.dbo.share (id, host_id, status, time, start_latitude, start_longitude, end_latitude, end_longitude, distance) VALUES (48, 3, 2, '2018-02-14 14:52:34.817', 0.000000000, 0.000000000, null, null, 0);
INSERT INTO home2work.dbo.share (id, host_id, status, time, start_latitude, start_longitude, end_latitude, end_longitude, distance) VALUES (49, 9, 1, '2018-02-14 14:52:34.817', 0.000000000, 0.000000000, null, null, 0);
INSERT INTO home2work.dbo.share (id, host_id, status, time, start_latitude, start_longitude, end_latitude, end_longitude, distance) VALUES (50, 9, 1, '2017-12-18 14:52:34.817', 0.000000000, 0.000000000, null, null, 0);
INSERT INTO home2work.dbo.share (id, host_id, status, time, start_latitude, start_longitude, end_latitude, end_longitude, distance) VALUES (51, 3, 1, '2017-10-18 14:52:34.817', 0.000000000, 0.000000000, null, null, 0);
INSERT INTO home2work.dbo.share (id, host_id, status, time, start_latitude, start_longitude, end_latitude, end_longitude, distance) VALUES (52, 9, 1, '2017-10-18 14:52:34.817', 0.000000000, 0.000000000, null, null, 0);
INSERT INTO home2work.dbo.share (id, host_id, status, time, start_latitude, start_longitude, end_latitude, end_longitude, distance) VALUES (54, 3, 2, '2018-02-19 21:23:32.863', 0.000000000, 0.000000000, null, null, 0);
INSERT INTO home2work.dbo.share (id, host_id, status, time, start_latitude, start_longitude, end_latitude, end_longitude, distance) VALUES (55, 3, 2, '2018-02-20 13:16:30.047', 0.000000000, 0.000000000, null, null, 0);
INSERT INTO home2work.dbo.share (id, host_id, status, time, start_latitude, start_longitude, end_latitude, end_longitude, distance) VALUES (56, 3, 2, '2018-02-20 13:21:43.923', 0.000000000, 0.000000000, null, null, 0);
INSERT INTO home2work.dbo.share (id, host_id, status, time, start_latitude, start_longitude, end_latitude, end_longitude, distance) VALUES (57, 3, 2, '2018-02-20 14:14:49.193', 0.000000000, 0.000000000, null, null, 0);
INSERT INTO home2work.dbo.share (id, host_id, status, time, start_latitude, start_longitude, end_latitude, end_longitude, distance) VALUES (58, 3, 2, '2018-02-20 14:16:29.620', 0.000000000, 0.000000000, null, null, 0);
INSERT INTO home2work.dbo.share (id, host_id, status, time, start_latitude, start_longitude, end_latitude, end_longitude, distance) VALUES (59, 3, 2, '2018-02-20 14:18:47.870', 0.000000000, 0.000000000, null, null, 0);
INSERT INTO home2work.dbo.share (id, host_id, status, time, start_latitude, start_longitude, end_latitude, end_longitude, distance) VALUES (60, 3, 2, '2018-02-20 14:21:06.103', 0.000000000, 0.000000000, null, null, 0);
INSERT INTO home2work.dbo.share (id, host_id, status, time, start_latitude, start_longitude, end_latitude, end_longitude, distance) VALUES (61, 3, 2, '2018-02-20 14:23:44.823', 0.000000000, 0.000000000, null, null, 0);
INSERT INTO home2work.dbo.share (id, host_id, status, time, start_latitude, start_longitude, end_latitude, end_longitude, distance) VALUES (62, 3, 2, '2018-02-24 12:32:59.193', 0.000000000, 0.000000000, null, null, 0);
INSERT INTO home2work.dbo.share (id, host_id, status, time, start_latitude, start_longitude, end_latitude, end_longitude, distance) VALUES (63, 7, 2, '2018-03-06 13:07:00.213', 0.000000000, 0.000000000, null, null, 0);
INSERT INTO home2work.dbo.share (id, host_id, status, time, start_latitude, start_longitude, end_latitude, end_longitude, distance) VALUES (64, 3, 2, '2018-03-06 13:49:24.503', 0.000000000, 0.000000000, null, null, 0);
INSERT INTO home2work.dbo.share (id, host_id, status, time, start_latitude, start_longitude, end_latitude, end_longitude, distance) VALUES (65, 3, 2, '2018-03-06 13:51:43.330', 0.000000000, 0.000000000, null, null, 0);
INSERT INTO home2work.dbo.share (id, host_id, status, time, start_latitude, start_longitude, end_latitude, end_longitude, distance) VALUES (66, 3, 2, '2018-03-06 13:53:54.797', 0.000000000, 0.000000000, null, null, 0);
INSERT INTO home2work.dbo.share (id, host_id, status, time, start_latitude, start_longitude, end_latitude, end_longitude, distance) VALUES (67, 3, 2, '2018-03-06 14:05:37.800', 0.000000000, 0.000000000, null, null, 0);
INSERT INTO home2work.dbo.share (id, host_id, status, time, start_latitude, start_longitude, end_latitude, end_longitude, distance) VALUES (68, 7, 2, '2018-03-06 19:38:11.080', 0.000000000, 0.000000000, null, null, 0);
INSERT INTO home2work.dbo.share (id, host_id, status, time, start_latitude, start_longitude, end_latitude, end_longitude, distance) VALUES (69, 7, 2, '2018-03-06 20:29:14.640', 0.000000000, 0.000000000, null, null, 0);
INSERT INTO home2work.dbo.share (id, host_id, status, time, start_latitude, start_longitude, end_latitude, end_longitude, distance) VALUES (70, 7, 2, '2018-03-06 20:49:34.730', 0.000000000, 0.000000000, null, null, 0);
INSERT INTO home2work.dbo.share (id, host_id, status, time, start_latitude, start_longitude, end_latitude, end_longitude, distance) VALUES (71, 5, 2, '2018-03-07 13:15:14.487', 0.000000000, 0.000000000, null, null, 0);
INSERT INTO home2work.dbo.share (id, host_id, status, time, start_latitude, start_longitude, end_latitude, end_longitude, distance) VALUES (72, 5, 2, '2018-03-07 18:29:34.020', 0.000000000, 0.000000000, null, null, 0);
INSERT INTO home2work.dbo.share (id, host_id, status, time, start_latitude, start_longitude, end_latitude, end_longitude, distance) VALUES (73, 5, 2, '2018-03-07 18:32:39.647', 0.000000000, 0.000000000, null, null, 0);
INSERT INTO home2work.dbo.share (id, host_id, status, time, start_latitude, start_longitude, end_latitude, end_longitude, distance) VALUES (74, 5, 2, '2018-03-07 19:21:09.967', 0.000000000, 0.000000000, null, null, 0);
INSERT INTO home2work.dbo.share (id, host_id, status, time, start_latitude, start_longitude, end_latitude, end_longitude, distance) VALUES (75, 5, 2, '2018-03-12 16:25:51.567', 0.000000000, 0.000000000, null, null, 0);
INSERT INTO home2work.dbo.share (id, host_id, status, time, start_latitude, start_longitude, end_latitude, end_longitude, distance) VALUES (76, 3, 2, '2018-03-12 16:52:17.527', 0.000000000, 0.000000000, null, null, 0);
INSERT INTO home2work.dbo.share (id, host_id, status, time, start_latitude, start_longitude, end_latitude, end_longitude, distance) VALUES (77, 3, 2, '2018-03-12 19:50:53.000', 0.000000000, 0.000000000, null, null, 0);
INSERT INTO home2work.dbo.share (id, host_id, status, time, start_latitude, start_longitude, end_latitude, end_longitude, distance) VALUES (78, 5, 2, '2018-03-13 08:35:55.017', 0.000000000, 0.000000000, null, null, 0);
INSERT INTO home2work.dbo.share (id, host_id, status, time, start_latitude, start_longitude, end_latitude, end_longitude, distance) VALUES (79, 3, 2, '2018-03-13 08:49:26.120', 0.000000000, 0.000000000, null, null, 0);
INSERT INTO home2work.dbo.share (id, host_id, status, time, start_latitude, start_longitude, end_latitude, end_longitude, distance) VALUES (80, 3, 2, '2018-03-13 08:52:59.670', 0.000000000, 0.000000000, null, null, 0);
INSERT INTO home2work.dbo.share (id, host_id, status, time, start_latitude, start_longitude, end_latitude, end_longitude, distance) VALUES (81, 5, 2, '2018-03-13 14:34:18.473', 0.000000000, 0.000000000, null, null, 0);
INSERT INTO home2work.dbo.share (id, host_id, status, time, start_latitude, start_longitude, end_latitude, end_longitude, distance) VALUES (82, 10, 2, '2018-03-14 08:48:52.997', 0.000000000, 0.000000000, null, null, 0);
INSERT INTO home2work.dbo.share (id, host_id, status, time, start_latitude, start_longitude, end_latitude, end_longitude, distance) VALUES (83, 10, 2, '2018-03-14 08:57:33.190', 0.000000000, 0.000000000, null, null, 0);
INSERT INTO home2work.dbo.share (id, host_id, status, time, start_latitude, start_longitude, end_latitude, end_longitude, distance) VALUES (84, 5, 2, '2018-03-14 08:57:54.510', 0.000000000, 0.000000000, null, null, 0);
INSERT INTO home2work.dbo.share (id, host_id, status, time, start_latitude, start_longitude, end_latitude, end_longitude, distance) VALUES (85, 9, 2, '2018-03-14 08:59:13.407', 0.000000000, 0.000000000, null, null, 0);
INSERT INTO home2work.dbo.share (id, host_id, status, time, start_latitude, start_longitude, end_latitude, end_longitude, distance) VALUES (86, 10, 2, '2018-03-14 08:59:30.540', 0.000000000, 0.000000000, null, null, 0);
INSERT INTO home2work.dbo.share (id, host_id, status, time, start_latitude, start_longitude, end_latitude, end_longitude, distance) VALUES (87, 9, 2, '2018-03-14 09:01:54.840', 0.000000000, 0.000000000, null, null, 0);
INSERT INTO home2work.dbo.share (id, host_id, status, time, start_latitude, start_longitude, end_latitude, end_longitude, distance) VALUES (88, 9, 2, '2018-03-14 15:23:37.120', 0.000000000, 0.000000000, null, null, 0);
INSERT INTO home2work.dbo.share (id, host_id, status, time, start_latitude, start_longitude, end_latitude, end_longitude, distance) VALUES (89, 39, 2, '2018-03-14 16:40:11.387', 0.000000000, 0.000000000, null, null, 0);
INSERT INTO home2work.dbo.share (id, host_id, status, time, start_latitude, start_longitude, end_latitude, end_longitude, distance) VALUES (90, 39, 1, '2018-03-14 16:41:18.470', 0.000000000, 0.000000000, null, null, 0);
INSERT INTO home2work.dbo.share (id, host_id, status, time, start_latitude, start_longitude, end_latitude, end_longitude, distance) VALUES (91, 39, 2, '2018-03-15 10:11:30.190', 0.000000000, 0.000000000, null, null, 0);
INSERT INTO home2work.dbo.share (id, host_id, status, time, start_latitude, start_longitude, end_latitude, end_longitude, distance) VALUES (92, 39, 2, '2018-03-15 10:20:25.937', 0.000000000, 0.000000000, null, null, 0);
INSERT INTO home2work.dbo.share (id, host_id, status, time, start_latitude, start_longitude, end_latitude, end_longitude, distance) VALUES (93, 39, 2, '2018-03-15 10:26:11.403', 0.000000000, 0.000000000, null, null, 0);
INSERT INTO home2work.dbo.share (id, host_id, status, time, start_latitude, start_longitude, end_latitude, end_longitude, distance) VALUES (94, 39, 2, '2018-03-15 10:29:03.883', 0.000000000, 0.000000000, null, null, 0);
INSERT INTO home2work.dbo.share (id, host_id, status, time, start_latitude, start_longitude, end_latitude, end_longitude, distance) VALUES (95, 39, 2, '2018-03-15 10:29:31.293', 0.000000000, 0.000000000, null, null, 0);
INSERT INTO home2work.dbo.share (id, host_id, status, time, start_latitude, start_longitude, end_latitude, end_longitude, distance) VALUES (96, 39, 2, '2018-03-15 10:38:51.990', 0.000000000, 0.000000000, null, null, 0);
INSERT INTO home2work.dbo.share (id, host_id, status, time, start_latitude, start_longitude, end_latitude, end_longitude, distance) VALUES (97, 39, 1, '2018-03-15 10:40:06.807', 0.000000000, 0.000000000, null, null, 0);
INSERT INTO home2work.dbo.share (id, host_id, status, time, start_latitude, start_longitude, end_latitude, end_longitude, distance) VALUES (98, 39, 2, '2018-03-15 10:54:51.217', 0.000000000, 0.000000000, null, null, 0);
INSERT INTO home2work.dbo.share (id, host_id, status, time, start_latitude, start_longitude, end_latitude, end_longitude, distance) VALUES (99, 39, 2, '2018-03-15 12:40:23.747', 0.000000000, 0.000000000, null, null, 0);
INSERT INTO home2work.dbo.share (id, host_id, status, time, start_latitude, start_longitude, end_latitude, end_longitude, distance) VALUES (100, 3, 2, '2018-03-20 09:29:58.893', 0.000000000, 0.000000000, null, null, 0);
INSERT INTO home2work.dbo.share (id, host_id, status, time, start_latitude, start_longitude, end_latitude, end_longitude, distance) VALUES (101, 5, 2, '2018-03-23 19:43:47.300', 0.000000000, 0.000000000, null, null, 0);
INSERT INTO home2work.dbo.share (id, host_id, status, time, start_latitude, start_longitude, end_latitude, end_longitude, distance) VALUES (102, 5, 2, '2018-03-24 13:42:05.330', 0.000000000, 0.000000000, null, null, 0);
INSERT INTO home2work.dbo.share (id, host_id, status, time, start_latitude, start_longitude, end_latitude, end_longitude, distance) VALUES (103, 5, 2, '2018-03-24 14:34:28.360', 0.000000000, 0.000000000, null, null, 0);
INSERT INTO home2work.dbo.share (id, host_id, status, time, start_latitude, start_longitude, end_latitude, end_longitude, distance) VALUES (104, 3, 2, '2018-03-26 08:24:26.020', 0.000000000, 0.000000000, null, null, 0);
INSERT INTO home2work.dbo.share (id, host_id, status, time, start_latitude, start_longitude, end_latitude, end_longitude, distance) VALUES (105, 3, 2, '2018-03-26 08:32:33.630', 0.000000000, 0.000000000, null, null, 0);
INSERT INTO home2work.dbo.share (id, host_id, status, time, start_latitude, start_longitude, end_latitude, end_longitude, distance) VALUES (106, 3, 2, '2018-03-26 08:33:40.600', 0.000000000, 0.000000000, null, null, 0);
INSERT INTO home2work.dbo.share (id, host_id, status, time, start_latitude, start_longitude, end_latitude, end_longitude, distance) VALUES (107, 5, 2, '2018-03-27 15:26:33.660', 0.000000000, 0.000000000, null, null, 0);
INSERT INTO home2work.dbo.share (id, host_id, status, time, start_latitude, start_longitude, end_latitude, end_longitude, distance) VALUES (108, 5, 2, '2018-03-28 11:18:43.143', 0.000000000, 0.000000000, null, null, 0);
INSERT INTO home2work.dbo.share (id, host_id, status, time, start_latitude, start_longitude, end_latitude, end_longitude, distance) VALUES (109, 5, 2, '2018-03-28 11:19:37.177', 0.000000000, 0.000000000, null, null, 0);
INSERT INTO home2work.dbo.share (id, host_id, status, time, start_latitude, start_longitude, end_latitude, end_longitude, distance) VALUES (110, 5, 2, '2018-03-28 11:21:55.963', 0.000000000, 0.000000000, null, null, 0);
INSERT INTO home2work.dbo.share (id, host_id, status, time, start_latitude, start_longitude, end_latitude, end_longitude, distance) VALUES (111, 5, 2, '2018-03-28 11:22:01.447', 0.000000000, 0.000000000, null, null, 0);
INSERT INTO home2work.dbo.share (id, host_id, status, time, start_latitude, start_longitude, end_latitude, end_longitude, distance) VALUES (112, 5, 2, '2018-03-28 12:03:07.027', 0.000000000, 0.000000000, null, null, 0);
INSERT INTO home2work.dbo.share (id, host_id, status, time, start_latitude, start_longitude, end_latitude, end_longitude, distance) VALUES (113, 5, 2, '2018-03-30 13:22:11.327', 0.000000000, 0.000000000, null, null, 0);
INSERT INTO home2work.dbo.share (id, host_id, status, time, start_latitude, start_longitude, end_latitude, end_longitude, distance) VALUES (114, 5, 2, '2018-03-30 13:50:37.153', 0.000000000, 0.000000000, null, null, 0);
INSERT INTO home2work.dbo.share (id, host_id, status, time, start_latitude, start_longitude, end_latitude, end_longitude, distance) VALUES (115, 5, 2, '2018-03-30 14:09:17.940', 0.000000000, 0.000000000, null, null, 0);
INSERT INTO home2work.dbo.share (id, host_id, status, time, start_latitude, start_longitude, end_latitude, end_longitude, distance) VALUES (116, 3, 2, '2018-04-01 12:12:52.710', 0.000000000, 0.000000000, null, null, 0);
INSERT INTO home2work.dbo.share (id, host_id, status, time, start_latitude, start_longitude, end_latitude, end_longitude, distance) VALUES (117, 3, 2, '2018-04-01 13:19:02.733', 0.000000000, 0.000000000, null, null, 0);
INSERT INTO home2work.dbo.share (id, host_id, status, time, start_latitude, start_longitude, end_latitude, end_longitude, distance) VALUES (118, 5, 2, '2018-04-03 18:07:57.457', 0.000000000, 0.000000000, null, null, 0);
INSERT INTO home2work.dbo.share (id, host_id, status, time, start_latitude, start_longitude, end_latitude, end_longitude, distance) VALUES (119, 3, 2, '2018-04-03 18:17:54.367', 0.000000000, 0.000000000, null, null, 0);
INSERT INTO home2work.dbo.share (id, host_id, status, time, start_latitude, start_longitude, end_latitude, end_longitude, distance) VALUES (120, 7, 2, '2018-04-03 22:54:16.120', 0.000000000, 0.000000000, null, null, 0);
INSERT INTO home2work.dbo.share (id, host_id, status, time, start_latitude, start_longitude, end_latitude, end_longitude, distance) VALUES (121, 7, 2, '2018-04-04 10:12:59.460', 0.000000000, 0.000000000, null, null, 0);
INSERT INTO home2work.dbo.share (id, host_id, status, time, start_latitude, start_longitude, end_latitude, end_longitude, distance) VALUES (122, 3, 2, '2018-04-04 10:14:16.553', 0.000000000, 0.000000000, null, null, 0);
INSERT INTO home2work.dbo.share (id, host_id, status, time, start_latitude, start_longitude, end_latitude, end_longitude, distance) VALUES (123, 5, 2, '2018-04-04 10:17:18.077', 0.000000000, 0.000000000, null, null, 0);
INSERT INTO home2work.dbo.share (id, host_id, status, time, start_latitude, start_longitude, end_latitude, end_longitude, distance) VALUES (124, 5, 2, '2018-04-04 10:18:56.627', 0.000000000, 0.000000000, null, null, 0);
INSERT INTO home2work.dbo.share (id, host_id, status, time, start_latitude, start_longitude, end_latitude, end_longitude, distance) VALUES (125, 5, 2, '2018-04-04 10:23:00.743', 0.000000000, 0.000000000, null, null, 0);
INSERT INTO home2work.dbo.share (id, host_id, status, time, start_latitude, start_longitude, end_latitude, end_longitude, distance) VALUES (126, 5, 2, '2018-04-04 10:26:48.643', 0.000000000, 0.000000000, null, null, 0);
INSERT INTO home2work.dbo.share (id, host_id, status, time, start_latitude, start_longitude, end_latitude, end_longitude, distance) VALUES (127, 3, 2, '2018-04-04 10:33:31.343', 0.000000000, 0.000000000, null, null, 0);
INSERT INTO home2work.dbo.share (id, host_id, status, time, start_latitude, start_longitude, end_latitude, end_longitude, distance) VALUES (128, 5, 2, '2018-04-04 10:36:33.053', 0.000000000, 0.000000000, null, null, 0);
INSERT INTO home2work.dbo.share (id, host_id, status, time, start_latitude, start_longitude, end_latitude, end_longitude, distance) VALUES (129, 5, 2, '2018-04-04 10:39:53.670', 0.000000000, 0.000000000, null, null, 0);
INSERT INTO home2work.dbo.share (id, host_id, status, time, start_latitude, start_longitude, end_latitude, end_longitude, distance) VALUES (130, 5, 1, '2018-04-04 10:41:12.267', 0.000000000, 0.000000000, null, null, 0);
INSERT INTO home2work.dbo.share (id, host_id, status, time, start_latitude, start_longitude, end_latitude, end_longitude, distance) VALUES (131, 3, 2, '2018-04-04 18:34:26.967', 0.000000000, 0.000000000, null, null, 0);
INSERT INTO home2work.dbo.share (id, host_id, status, time, start_latitude, start_longitude, end_latitude, end_longitude, distance) VALUES (132, 3, 2, '2018-04-06 13:57:29.857', 0.000000000, 0.000000000, null, null, 0);
INSERT INTO home2work.dbo.share (id, host_id, status, time, start_latitude, start_longitude, end_latitude, end_longitude, distance) VALUES (133, 5, 2, '2018-04-09 08:46:33.070', 0.000000000, 0.000000000, null, null, 0);
INSERT INTO home2work.dbo.share (id, host_id, status, time, start_latitude, start_longitude, end_latitude, end_longitude, distance) VALUES (134, 5, 2, '2018-04-09 12:47:04.890', 0.000000000, 0.000000000, null, null, 0);
INSERT INTO home2work.dbo.share (id, host_id, status, time, start_latitude, start_longitude, end_latitude, end_longitude, distance) VALUES (135, 5, 1, '2018-04-09 12:54:14.353', 0.000000000, 0.000000000, null, null, 0);
INSERT INTO home2work.dbo.share (id, host_id, status, time, start_latitude, start_longitude, end_latitude, end_longitude, distance) VALUES (136, 5, 2, '2018-04-09 13:25:44.007', 0.000000000, 0.000000000, null, null, 0);
INSERT INTO home2work.dbo.share (id, host_id, status, time, start_latitude, start_longitude, end_latitude, end_longitude, distance) VALUES (137, 5, 2, '2018-04-09 15:20:14.450', 0.000000000, 0.000000000, null, null, 0);
INSERT INTO home2work.dbo.share (id, host_id, status, time, start_latitude, start_longitude, end_latitude, end_longitude, distance) VALUES (139, 5, 2, '2018-04-09 18:01:42.960', 10.100000000, 44.500000000, null, null, 0);
INSERT INTO home2work.dbo.share (id, host_id, status, time, start_latitude, start_longitude, end_latitude, end_longitude, distance) VALUES (140, 5, 2, '2018-04-09 18:02:31.727', 10.100000000, 44.500000000, null, null, 0);
INSERT INTO home2work.dbo.share (id, host_id, status, time, start_latitude, start_longitude, end_latitude, end_longitude, distance) VALUES (141, 5, 2, '2018-04-09 18:04:13.293', 44.166067800, 10.123493100, null, null, 0);
INSERT INTO home2work.dbo.share (id, host_id, status, time, start_latitude, start_longitude, end_latitude, end_longitude, distance) VALUES (142, 5, 1, '2018-04-09 18:36:05.133', 44.166038900, 10.124259400, 44.216682200, 9.967497100, 20284);
INSERT INTO home2work.dbo.share (id, host_id, status, time, start_latitude, start_longitude, end_latitude, end_longitude, distance) VALUES (148, 5, 2, '2018-04-19 14:33:37.047', 44.166067800, 10.123493100, null, null, 0);
INSERT INTO home2work.dbo.share (id, host_id, status, time, start_latitude, start_longitude, end_latitude, end_longitude, distance) VALUES (149, 3, 2, '2018-04-21 15:35:29.500', 34.178699800, -86.615415300, null, null, 0);
INSERT INTO home2work.dbo.share (id, host_id, status, time, start_latitude, start_longitude, end_latitude, end_longitude, distance) VALUES (150, 9, 2, '2018-06-13 19:22:42.207', 44.166521600, 10.123241500, null, null, 0);
INSERT INTO home2work.dbo.share (id, host_id, status, time, start_latitude, start_longitude, end_latitude, end_longitude, distance) VALUES (152, 9, 2, '2018-06-14 07:36:39.920', 44.165528300, 10.122936700, null, null, 0);
INSERT INTO home2work.dbo.share (id, host_id, status, time, start_latitude, start_longitude, end_latitude, end_longitude, distance) VALUES (153, 3, 2, '2018-08-26 15:00:45.690', 44.166159600, 10.123493100, null, null, 0);
INSERT INTO home2work.dbo.share (id, host_id, status, time, start_latitude, start_longitude, end_latitude, end_longitude, distance) VALUES (154, 3, 2, '2018-09-26 12:17:26.367', 44.166069700, 10.123471200, null, null, 0);
INSERT INTO home2work.dbo.share (id, host_id, status, time, start_latitude, start_longitude, end_latitude, end_longitude, distance) VALUES (155, 3, 2, '2018-09-26 12:22:15.303', 44.166490400, 10.123591400, null, null, 0);
INSERT INTO home2work.dbo.share_guest (share_id, user_id, start_time, status, distance, start_latitude, start_longitude, end_latitude, end_longitude) VALUES (22, 5, '2018-01-14 20:17:40.613', 2, 0, 0.000000000, 0.000000000, null, null);
INSERT INTO home2work.dbo.share_guest (share_id, user_id, start_time, status, distance, start_latitude, start_longitude, end_latitude, end_longitude) VALUES (23, 5, '2018-01-15 12:42:47.753', 1, 1, 0.000000000, 0.000000000, null, null);
INSERT INTO home2work.dbo.share_guest (share_id, user_id, start_time, status, distance, start_latitude, start_longitude, end_latitude, end_longitude) VALUES (25, 5, '2018-01-17 12:29:25.313', 2, 0, 0.000000000, 0.000000000, null, null);
INSERT INTO home2work.dbo.share_guest (share_id, user_id, start_time, status, distance, start_latitude, start_longitude, end_latitude, end_longitude) VALUES (26, 5, '2018-01-17 12:38:38.517', 1, 0, 0.000000000, 0.000000000, null, null);
INSERT INTO home2work.dbo.share_guest (share_id, user_id, start_time, status, distance, start_latitude, start_longitude, end_latitude, end_longitude) VALUES (27, 5, '2018-01-17 12:44:03.357', 2, 0, 0.000000000, 0.000000000, null, null);
INSERT INTO home2work.dbo.share_guest (share_id, user_id, start_time, status, distance, start_latitude, start_longitude, end_latitude, end_longitude) VALUES (28, 3, '2018-01-17 12:56:31.067', 2, 0, 0.000000000, 0.000000000, null, null);
INSERT INTO home2work.dbo.share_guest (share_id, user_id, start_time, status, distance, start_latitude, start_longitude, end_latitude, end_longitude) VALUES (28, 5, '2018-01-17 12:56:31.067', 2, 0, 0.000000000, 0.000000000, null, null);
INSERT INTO home2work.dbo.share_guest (share_id, user_id, start_time, status, distance, start_latitude, start_longitude, end_latitude, end_longitude) VALUES (35, 3, '2018-01-18 23:03:38.867', 2, 0, 0.000000000, 0.000000000, null, null);
INSERT INTO home2work.dbo.share_guest (share_id, user_id, start_time, status, distance, start_latitude, start_longitude, end_latitude, end_longitude) VALUES (35, 5, '2018-01-18 23:03:38.867', 2, 0, 0.000000000, 0.000000000, null, null);
INSERT INTO home2work.dbo.share_guest (share_id, user_id, start_time, status, distance, start_latitude, start_longitude, end_latitude, end_longitude) VALUES (35, 7, '2018-01-18 23:03:38.867', 2, 0, 0.000000000, 0.000000000, null, null);
INSERT INTO home2work.dbo.share_guest (share_id, user_id, start_time, status, distance, start_latitude, start_longitude, end_latitude, end_longitude) VALUES (35, 8, '2018-01-18 23:03:38.867', 2, 0, 0.000000000, 0.000000000, null, null);
INSERT INTO home2work.dbo.share_guest (share_id, user_id, start_time, status, distance, start_latitude, start_longitude, end_latitude, end_longitude) VALUES (41, 3, '2018-01-24 18:50:35.270', 2, 0, 0.000000000, 0.000000000, null, null);
INSERT INTO home2work.dbo.share_guest (share_id, user_id, start_time, status, distance, start_latitude, start_longitude, end_latitude, end_longitude) VALUES (44, 3, '2018-01-29 12:25:30.950', 1, 19476, 0.000000000, 0.000000000, null, null);
INSERT INTO home2work.dbo.share_guest (share_id, user_id, start_time, status, distance, start_latitude, start_longitude, end_latitude, end_longitude) VALUES (45, 3, '2018-01-30 12:55:14.927', 1, 19395, 0.000000000, 0.000000000, null, null);
INSERT INTO home2work.dbo.share_guest (share_id, user_id, start_time, status, distance, start_latitude, start_longitude, end_latitude, end_longitude) VALUES (45, 5, '2018-01-30 13:54:37.837', 2, 0, 0.000000000, 0.000000000, null, null);
INSERT INTO home2work.dbo.share_guest (share_id, user_id, start_time, status, distance, start_latitude, start_longitude, end_latitude, end_longitude) VALUES (49, 3, '2018-01-30 12:55:14.927', 1, 19395, 0.000000000, 0.000000000, null, null);
INSERT INTO home2work.dbo.share_guest (share_id, user_id, start_time, status, distance, start_latitude, start_longitude, end_latitude, end_longitude) VALUES (50, 3, '2017-12-18 23:03:38.867', 1, 43524, 0.000000000, 0.000000000, null, null);
INSERT INTO home2work.dbo.share_guest (share_id, user_id, start_time, status, distance, start_latitude, start_longitude, end_latitude, end_longitude) VALUES (51, 5, '2017-10-18 23:03:38.867', 1, 43524, 0.000000000, 0.000000000, null, null);
INSERT INTO home2work.dbo.share_guest (share_id, user_id, start_time, status, distance, start_latitude, start_longitude, end_latitude, end_longitude) VALUES (51, 9, '2017-10-18 23:03:38.867', 1, 43524, 0.000000000, 0.000000000, null, null);
INSERT INTO home2work.dbo.share_guest (share_id, user_id, start_time, status, distance, start_latitude, start_longitude, end_latitude, end_longitude) VALUES (52, 3, '2017-10-18 23:03:38.867', 1, 13524, 0.000000000, 0.000000000, null, null);
INSERT INTO home2work.dbo.share_guest (share_id, user_id, start_time, status, distance, start_latitude, start_longitude, end_latitude, end_longitude) VALUES (53, 3, '2017-05-18 23:03:38.867', 1, 13524, 0.000000000, 0.000000000, null, null);
INSERT INTO home2work.dbo.share_guest (share_id, user_id, start_time, status, distance, start_latitude, start_longitude, end_latitude, end_longitude) VALUES (68, 3, '2018-03-06 19:49:19.587', 2, 0, 0.000000000, 0.000000000, null, null);
INSERT INTO home2work.dbo.share_guest (share_id, user_id, start_time, status, distance, start_latitude, start_longitude, end_latitude, end_longitude) VALUES (69, 3, '2018-03-06 20:36:56.293', 2, 0, 0.000000000, 0.000000000, null, null);
INSERT INTO home2work.dbo.share_guest (share_id, user_id, start_time, status, distance, start_latitude, start_longitude, end_latitude, end_longitude) VALUES (90, 3, '2018-03-15 08:34:32.273', 2, 0, 0.000000000, 0.000000000, null, null);
INSERT INTO home2work.dbo.share_guest (share_id, user_id, start_time, status, distance, start_latitude, start_longitude, end_latitude, end_longitude) VALUES (92, 3, '2018-03-15 10:20:32.170', 2, 0, 0.000000000, 0.000000000, null, null);
INSERT INTO home2work.dbo.share_guest (share_id, user_id, start_time, status, distance, start_latitude, start_longitude, end_latitude, end_longitude) VALUES (93, 3, '2018-03-15 10:26:18.357', 2, 0, 0.000000000, 0.000000000, null, null);
INSERT INTO home2work.dbo.share_guest (share_id, user_id, start_time, status, distance, start_latitude, start_longitude, end_latitude, end_longitude) VALUES (94, 3, '2018-03-15 10:29:11.333', 2, 0, 0.000000000, 0.000000000, null, null);
INSERT INTO home2work.dbo.share_guest (share_id, user_id, start_time, status, distance, start_latitude, start_longitude, end_latitude, end_longitude) VALUES (95, 3, '2018-03-15 10:30:00.377', 2, 0, 0.000000000, 0.000000000, null, null);
INSERT INTO home2work.dbo.share_guest (share_id, user_id, start_time, status, distance, start_latitude, start_longitude, end_latitude, end_longitude) VALUES (97, 3, '2018-03-15 10:40:11.977', 1, 0, 0.000000000, 0.000000000, null, null);
INSERT INTO home2work.dbo.share_guest (share_id, user_id, start_time, status, distance, start_latitude, start_longitude, end_latitude, end_longitude) VALUES (98, 3, '2018-03-15 10:55:01.683', 2, 0, 0.000000000, 0.000000000, null, null);
INSERT INTO home2work.dbo.share_guest (share_id, user_id, start_time, status, distance, start_latitude, start_longitude, end_latitude, end_longitude) VALUES (115, 3, '2018-03-30 14:17:22.550', 1, 0, 44.166031000, 10.123493100, 44.166031000, 10.123493100);
INSERT INTO home2work.dbo.share_guest (share_id, user_id, start_time, status, distance, start_latitude, start_longitude, end_latitude, end_longitude) VALUES (118, 3, '2018-04-03 18:18:01.087', 2, 0, 44.166031000, 10.123493100, null, null);
INSERT INTO home2work.dbo.share_guest (share_id, user_id, start_time, status, distance, start_latitude, start_longitude, end_latitude, end_longitude) VALUES (123, 3, '2018-04-04 10:17:28.340', 2, 0, 44.170714900, 10.119041900, null, null);
INSERT INTO home2work.dbo.share_guest (share_id, user_id, start_time, status, distance, start_latitude, start_longitude, end_latitude, end_longitude) VALUES (124, 3, '2018-04-04 10:20:37.753', 2, 0, 44.170714900, 10.119041900, null, null);
INSERT INTO home2work.dbo.share_guest (share_id, user_id, start_time, status, distance, start_latitude, start_longitude, end_latitude, end_longitude) VALUES (125, 3, '2018-04-04 10:23:05.480', 2, 0, 44.170714900, 10.119041900, null, null);
INSERT INTO home2work.dbo.share_guest (share_id, user_id, start_time, status, distance, start_latitude, start_longitude, end_latitude, end_longitude) VALUES (126, 3, '2018-04-04 10:26:56.753', 2, 0, 44.166031000, 10.123493100, null, null);
INSERT INTO home2work.dbo.share_guest (share_id, user_id, start_time, status, distance, start_latitude, start_longitude, end_latitude, end_longitude) VALUES (128, 3, '2018-04-04 10:36:51.587', 1, 0, 44.166055000, 10.123497300, 44.166055000, 10.123497300);
INSERT INTO home2work.dbo.share_guest (share_id, user_id, start_time, status, distance, start_latitude, start_longitude, end_latitude, end_longitude) VALUES (129, 3, '2018-04-04 10:40:23.077', 1, 1, 44.166031000, 10.123493100, 44.166057300, 10.123498900);
INSERT INTO home2work.dbo.share_guest (share_id, user_id, start_time, status, distance, start_latitude, start_longitude, end_latitude, end_longitude) VALUES (130, 3, '2018-04-04 10:41:22.343', 1, 0, 44.166057300, 10.123498900, 44.166057300, 10.123498900);
INSERT INTO home2work.dbo.share_guest (share_id, user_id, start_time, status, distance, start_latitude, start_longitude, end_latitude, end_longitude) VALUES (135, 3, '2018-04-09 12:56:20.937', 1, 18460, 44.166120900, 10.123514900, 44.209208500, 9.969170100);
INSERT INTO home2work.dbo.share_guest (share_id, user_id, start_time, status, distance, start_latitude, start_longitude, end_latitude, end_longitude) VALUES (136, 3, '2018-04-09 13:25:49.037', 1, 119210, 44.166120900, 10.123514900, 44.798212400, 10.319426000);
INSERT INTO home2work.dbo.share_guest (share_id, user_id, start_time, status, distance, start_latitude, start_longitude, end_latitude, end_longitude) VALUES (142, 3, '2018-04-09 18:36:43.900', 1, 28657, 44.166120900, 10.123514900, 44.300000000, 10.120000000);
INSERT INTO home2work.dbo.share_guest (share_id, user_id, start_time, status, distance, start_latitude, start_longitude, end_latitude, end_longitude) VALUES (144, 3, '2018-04-09 19:10:58.697', 1, 19190, 44.216680800, 9.967497100, 44.166120900, 10.123514900);
INSERT INTO home2work.dbo.share_guest (share_id, user_id, start_time, status, distance, start_latitude, start_longitude, end_latitude, end_longitude) VALUES (155, 64, '2018-06-14 07:36:47.343', 0, 0, 44.166521600, 10.123241500, null, null);
INSERT INTO home2work.dbo.user_status (id, user_id, status, date, hidden) VALUES (2, 3, 'Eskere!', '2018-04-19 08:46:52.340', 0);
INSERT INTO home2work.dbo.user_status (id, user_id, status, date, hidden) VALUES (3, 3, 'hey', '2018-04-19 08:47:10.810', 0);
INSERT INTO home2work.dbo.user_status (id, user_id, status, date, hidden) VALUES (4, 5, 'Sono in ferie!', '2018-04-19 08:49:15.203', 0);
INSERT INTO home2work.dbo.user_status (id, user_id, status, date, hidden) VALUES (5, 3, 'Finalmente in ferieeeee', '2018-04-19 09:02:33.960', 1);
INSERT INTO home2work.dbo.user_status (id, user_id, status, date, hidden) VALUES (6, 5, 'Ciaoooo!', '2018-04-19 18:47:25.380', 1);
INSERT INTO home2work.dbo.user_status (id, user_id, status, date, hidden) VALUES (7, 5, 'Ciaooooo', '2018-04-21 11:29:56.370', 1);
INSERT INTO home2work.dbo.user_status (id, user_id, status, date, hidden) VALUES (8, 3, 'test stato!', '2018-04-21 11:34:28.753', 0);
INSERT INTO home2work.dbo.user_status (id, user_id, status, date, hidden) VALUES (9, 3, 'nuovo stato!', '2018-04-21 12:30:35.653', 0);
INSERT INTO home2work.dbo.user_status (id, user_id, status, date, hidden) VALUES (10, 3, 'Nuovo stato!', '2018-04-21 14:23:44.127', 0);
INSERT INTO home2work.dbo.user_status (id, user_id, status, date, hidden) VALUES (11, 39, 'Il mio primo stato!', '2018-04-21 15:08:28.203', 0);
INSERT INTO home2work.dbo.user_status (id, user_id, status, date, hidden) VALUES (16, 3, 'prova apostrofo l''app', '2018-04-21 15:57:03.690', 0);
INSERT INTO home2work.dbo.user_status (id, user_id, status, date, hidden) VALUES (17, 3, 'L''app è quasi pronta!', '2018-04-21 15:57:22.973', 1);
INSERT INTO home2work.dbo.user_status (id, user_id, status, date, hidden) VALUES (18, 3, 'L''app è quasi pronta!', '2018-04-22 10:14:28.677', 0);
INSERT INTO home2work.dbo.user_status (id, user_id, status, date, hidden) VALUES (19, 3, 'Nuovo aggiornamento di stato', '2018-04-22 10:28:43.857', 0);
INSERT INTO home2work.dbo.user_status (id, user_id, status, date, hidden) VALUES (20, 3, 'Ciao a tutti! Questo è il mio primo aggiornamento di stato!', '2018-04-22 10:29:04.170', 0);
INSERT INTO home2work.dbo.user_status (id, user_id, status, date, hidden) VALUES (21, 5, 'Prova stato!', '2018-04-23 18:54:51.697', 0);
INSERT INTO home2work.dbo.user_status (id, user_id, status, date, hidden) VALUES (22, 3, 'Test', '2018-09-26 11:23:24.853', 0);
INSERT INTO home2work.dbo.user_status (id, user_id, status, date, hidden) VALUES (23, 3, 'Ciao a tutti!', '2018-09-26 11:40:11.407', 0);
INSERT INTO home2work.dbo.users (id, email, password_hash, salt, name, surname, birthday, company_id, registration_date, home_region, home_district, home_cap, home_city, home_address, home_latitude, home_longitude, job_region, job_district, job_cap, job_city, job_address, job_latitude, job_longitude, job_start_time, job_end_time, firebase_token) VALUES (3, 'utente1@test.com', 'a73b19d8e5b4de60448735db66c9c5bd86d52932b34ed9af54c1430305e93351', 'ed361007cffab3b35a6c3eacd11ed59eb014f8c22a37e41a7ffe7c37cd4f03f2', 'Federico', 'Mastrini', '1993-01-23', 1, '2017-11-23', 'Toscana', 'MS', '54013', 'Monzone', 'Via Cesare Battisti 89', 44.166151700, 10.123491000, 'Emilia Romagna', 'PR', '43124', 'Parma', 'Dipartimento di Ingegneria e Architettura - Sede Didattica', 44.765344000, 10.310500800, '07:00:00', '17:30:00', 'c7l5BPs_BeQ:APA91bFoCYI1PWWL1rjwrYm6mMvXbJHBh0hl0AZDIFE5TDvEFpBM9TuHjFO6xPlIZGMee3wQj8HVeYvcKniisaGFgG8mX0Y0ehK8dPCbX8bI5hLDV3SF7GB7U92AdBJD7_EiAQ9-qbH9');
INSERT INTO home2work.dbo.users (id, email, password_hash, salt, name, surname, birthday, company_id, registration_date, home_region, home_district, home_cap, home_city, home_address, home_latitude, home_longitude, job_region, job_district, job_cap, job_city, job_address, job_latitude, job_longitude, job_start_time, job_end_time, firebase_token) VALUES (5, 'utente2@test.com', '689281da475883f9dfd4ab69aa1753314faa0db023b1d4f9afed8d31f4ae95e0', 'e9cc3f5a16a11c5bbfb57f237878a1233e5bbd5216d379afb8f75b0e0ae71230', 'Giacomo', 'Pinto', null, 6, '2017-11-23', 'Toscana', 'MS', '54013', 'Monzone', 'Via Riolo 16', 44.164750000, 10.126050000, 'Toscana', 'MS', '54013', 'Rometta', 'Via Rismondo Francesco', 44.199410200, 10.051189000, '08:00:00', '17:00:00', 'eePFBTGYgIU:APA91bFoyQ4wP-oQ0Q7RfLHFfT3YAt9We82Nie3qLCwu9KAPwyP8MbtPJaNvsRb7RtQOmjF27tHR6rLlaa1yZBRxeouMOclxDTND9H8-qj0m7-zNGzCcUQPbc-Be7KWAK9FTR1sna0Dy');
INSERT INTO home2work.dbo.users (id, email, password_hash, salt, name, surname, birthday, company_id, registration_date, home_region, home_district, home_cap, home_city, home_address, home_latitude, home_longitude, job_region, job_district, job_cap, job_city, job_address, job_latitude, job_longitude, job_start_time, job_end_time, firebase_token) VALUES (7, 'utente3@test.com', 'dfba3ef7ec49703e76bfb87bf3e2e9f87bada5673dd6c34479d37cc688238b30', '172ca8a47339c483351e074ecd6426a838361fdfdbc773dc2192d05f3c11e90e', 'Francesco', 'Scarpa', null, 10, '2017-11-23', 'Toscana', 'MS', '54013', 'Equi Terme', 'Via Noce Verde 46', 44.168510000, 10.151970000, 'Toscana', 'MS', '54011', 'Aulla', 'Via Nazionale', 44.215640000, 9.967500000, '07:30:00', '18:00:00', 'fyAPCCvmE1U:APA91bHokfA_FMKIJ-kx1nvCEXTe2YCUkn5bb6RyymAgn5hyyRKKeT-mHGz6RXw7TEEziBmG54IYW-3PfSwifnRFGAyiq48ImUuq55upmY6qthQLGF1GVOs3sZRlPNlIqtnBE7-SkLIY');
INSERT INTO home2work.dbo.users (id, email, password_hash, salt, name, surname, birthday, company_id, registration_date, home_region, home_district, home_cap, home_city, home_address, home_latitude, home_longitude, job_region, job_district, job_cap, job_city, job_address, job_latitude, job_longitude, job_start_time, job_end_time, firebase_token) VALUES (8, 'utente4@test.com', 'd54397456de4d015c0a6136e025643bfae10e251cd2bad4ac4c967771ebbd89c', '89230182d4760ece47b6cbdaa5c17b654bc26fcbb5eaaeb44cc6485672c0cfef', 'Sabrina', 'Berardi', null, 12, '2017-11-23', 'Toscana', 'MS', '54013', 'Campiglione-Vezzanello', 'Via della Vittoria 1', 44.175160000, 10.101670000, 'Liguria', 'SP', '19125', 'La Spezia', 'Via Fontevivo 17', 44.118770000, 9.832460000, '07:00:00', '17:00:00', null);
INSERT INTO home2work.dbo.users (id, email, password_hash, salt, name, surname, birthday, company_id, registration_date, home_region, home_district, home_cap, home_city, home_address, home_latitude, home_longitude, job_region, job_district, job_cap, job_city, job_address, job_latitude, job_longitude, job_start_time, job_end_time, firebase_token) VALUES (9, 'utente5@test.com', 'e3173e9b5d5c9156928fbb5e85e5706687d388a64f09100c9cdfb1d2da957cbe', '82e9996ba8a4fd3d2d6e0202e3d6be32450ab90c4d7c66ece2afbf351a3dd7d6', 'Samuela', 'Portoghese', null, 6, '2017-11-23', 'Toscana', 'MS', '54013', 'Gragnola', 'Via Lucido Borgo 10', 44.191730000, 10.108170000, 'Toscana', 'MS', '54013', 'Rometta', 'Via Rismondo Francesco', 44.199410200, 10.051189000, '08:00:00', '17:00:00', 'fyAPCCvmE1U:APA91bHokfA_FMKIJ-kx1nvCEXTe2YCUkn5bb6RyymAgn5hyyRKKeT-mHGz6RXw7TEEziBmG54IYW-3PfSwifnRFGAyiq48ImUuq55upmY6qthQLGF1GVOs3sZRlPNlIqtnBE7-SkLIY');
INSERT INTO home2work.dbo.users (id, email, password_hash, salt, name, surname, birthday, company_id, registration_date, home_region, home_district, home_cap, home_city, home_address, home_latitude, home_longitude, job_region, job_district, job_cap, job_city, job_address, job_latitude, job_longitude, job_start_time, job_end_time, firebase_token) VALUES (10, 'utente6@test.com', '284fb3da24c459299e7a7a96f116a64e4dce794060740e59a332c387491fc6f9', '7ff0a78750a5587787e10a561d62cde1f643fc046446a6656a1f3dbf767b1381', 'Oscar', 'Conti', null, 6, '2017-11-23', 'Toscana', 'MS', '54013', 'Gragnola', 'Via Novello 10', 44.191040000, 10.106370000, 'Toscana', 'MS', '54013', 'Rometta', 'Via Rismondo Francesco', 44.199410200, 10.051189000, '07:30:00', '16:30:00', 'ez-JBVvekQc:APA91bGJJDLYyJkogTjQ81ulIxYCDDFFGPp0xyvouDM6ij3U1C1LoJW03Ea_5W5QIHuxuo05BQJIjpgGHN8M5F944LuKfsuN-I8SD4OrIQnmanpc99CQiVdUOqqzdJeER8wCFa7VY60L');
INSERT INTO home2work.dbo.users (id, email, password_hash, salt, name, surname, birthday, company_id, registration_date, home_region, home_district, home_cap, home_city, home_address, home_latitude, home_longitude, job_region, job_district, job_cap, job_city, job_address, job_latitude, job_longitude, job_start_time, job_end_time, firebase_token) VALUES (23, 'utente7@test.com', '59af6c3386b30e4a410456ad4f6c0f44bb5251e9fb7d4adef9441f10f3a73e9d', '0860b450eb407ce4808e3ad2ff30585fa0aac4c2a4f50619c608488ffe12aad3', 'Marilena', 'Cocci', null, 14, '2017-11-30', 'Toscana', 'MS', '54014', 'Codiponte', 'Strada Regionale 445 48', 44.192730000, 10.149800000, 'Toscana', 'MS', '54013', 'Fivizzano', 'Via Posara', 44.230490000, 10.116690000, '07:00:00', '17:30:00', null);
INSERT INTO home2work.dbo.users (id, email, password_hash, salt, name, surname, birthday, company_id, registration_date, home_region, home_district, home_cap, home_city, home_address, home_latitude, home_longitude, job_region, job_district, job_cap, job_city, job_address, job_latitude, job_longitude, job_start_time, job_end_time, firebase_token) VALUES (38, 'utente8@test.com', 'fe0321a8678a728b8ae52d7f94d9046fb438e8afa7c79868695965ce4abd26e4', '60fa386f4cd9471b00e6bfca296c434644e20045abbd56006c3f4f386f9f0de0', 'Melissa', 'Sagese', null, 13, '2017-12-01', 'Toscana', 'MS', '54014', 'Casola in Lunigiana', 'Via Roma 83', 44.200040000, 10.175300000, 'Toscana', 'MS', '54013', 'Fivizzano', 'Salita San Francesco 1', 44.239400000, 10.130700000, '07:00:00', '17:00:00', null);
INSERT INTO home2work.dbo.users (id, email, password_hash, salt, name, surname, birthday, company_id, registration_date, home_region, home_district, home_cap, home_city, home_address, home_latitude, home_longitude, job_region, job_district, job_cap, job_city, job_address, job_latitude, job_longitude, job_start_time, job_end_time, firebase_token) VALUES (39, 'utente9@test.com', '86967710d778a6ba73b3344ca45d42b4aeea59a0ec3542013c7e1bbc35f18102', '67a7926bc23dd09662f2e861adb75eaac060794b148d0f22f8e35ba59f0dadd2', 'Viola', 'Lettiere', null, 13, '2017-12-01', 'Toscana', 'MS', '54014', 'Casola in Lunigiana', 'Via della Garfagnana 4', 44.201650000, 10.176680000, 'Toscana', 'MS', '54013', 'Fivizzano', 'Salita San Francesco 1', 44.239400000, 10.130700000, '07:30:00', '18:00:00', 'duePIcdJgwg:APA91bF_sZB-V935j2fwqMMWiGvlJEhdgNTFFjI2tlzY2LRBVNcIDclgETohX0WyKDMUBHkYCCu0jZAhxq6vTTA6Yw3Zj2F7tAyw5S6HJ4yocCepG4yshF9Qr8DZZb4mWRP02wHmqGx4');
INSERT INTO home2work.dbo.users (id, email, password_hash, salt, name, surname, birthday, company_id, registration_date, home_region, home_district, home_cap, home_city, home_address, home_latitude, home_longitude, job_region, job_district, job_cap, job_city, job_address, job_latitude, job_longitude, job_start_time, job_end_time, firebase_token) VALUES (40, 'utente10@test.com', '8c658c4df1f46fd877af9df4a43d261739a5ee3196f4df64b162a3c5fec570c9', 'cd1c8c73c0955ed6df29faa0d63a9853e141b7c67c537010637769a60a195d12', 'Gabriele', 'Moretti', null, 14, '2017-12-01', 'Toscana', 'MS', '54013', 'Gassano', 'Via Stazione 92', 44.203640000, 10.093940000, 'Toscana', 'MS', '54013', 'Fivizzano', 'Via Posara', 44.230490000, 10.116690000, '08:00:00', '16:30:00', 'fyAPCCvmE1U:APA91bHokfA_FMKIJ-kx1nvCEXTe2YCUkn5bb6RyymAgn5hyyRKKeT-mHGz6RXw7TEEziBmG54IYW-3PfSwifnRFGAyiq48ImUuq55upmY6qthQLGF1GVOs3sZRlPNlIqtnBE7-SkLIY');
INSERT INTO home2work.dbo.users (id, email, password_hash, salt, name, surname, birthday, company_id, registration_date, home_region, home_district, home_cap, home_city, home_address, home_latitude, home_longitude, job_region, job_district, job_cap, job_city, job_address, job_latitude, job_longitude, job_start_time, job_end_time, firebase_token) VALUES (41, 'utente11@test.com', 'd895d9751b391cda703ed30ceac98abcdb16b23dfc307fc48e620c52db664fda', 'be69f865fa1f69a05e0cc2c5b981c67c5982162e4c51d1f5223702c992517a62', 'Michele', 'Sagese', null, 14, '2017-12-01', 'Toscana', 'MS', '54013', 'Moncigoli', 'Via Prugna 11', 44.221710000, 10.089140000, 'Toscana', 'MS', '54013', 'Fivizzano', 'Via Posara', 44.230490000, 10.116690000, '07:00:00', '17:00:00', null);
INSERT INTO home2work.dbo.users (id, email, password_hash, salt, name, surname, birthday, company_id, registration_date, home_region, home_district, home_cap, home_city, home_address, home_latitude, home_longitude, job_region, job_district, job_cap, job_city, job_address, job_latitude, job_longitude, job_start_time, job_end_time, firebase_token) VALUES (42, 'utente12@test.com', '7d9b5ba26d97f88e78c406688630ad33d5e457df56211612555a877354747c8a', '61134865cb5122ef77e1bb5a4bcb7fc81745f2e92b50a118d02c016a0a30c89a', 'Ferdinando', 'Loggia', null, 6, '2017-12-01', 'Toscana', 'MS', '54013', 'Posara', 'Via Nazario Sauro 79', 44.226690000, 10.108240000, 'Toscana', 'MS', '54013', 'Rometta', 'Via Rismondo Francesco', 44.199410200, 10.051189000, '08:00:00', '18:00:00', null);
INSERT INTO home2work.dbo.users (id, email, password_hash, salt, name, surname, birthday, company_id, registration_date, home_region, home_district, home_cap, home_city, home_address, home_latitude, home_longitude, job_region, job_district, job_cap, job_city, job_address, job_latitude, job_longitude, job_start_time, job_end_time, firebase_token) VALUES (43, 'utente13@test.com', '2f45f674567be9a029233c845b1234b15f4a55c0c2f3f93321d62fc4423af962', 'b7526a6426dcc9a6054bd347e875ebcc238d2e754909ec52ef72f459d477bd88', 'Adamo', 'De Luca', null, 5, '2017-12-01', 'Toscana', 'MS', '54013', 'Fivizzano', 'Via Umberto I 6', 44.237670000, 10.123170000, 'Toscana', 'MS', '54011', 'Aulla', 'Via Lunigiana', 44.216684300, 9.966924300, '07:00:00', '17:00:00', null);
INSERT INTO home2work.dbo.users (id, email, password_hash, salt, name, surname, birthday, company_id, registration_date, home_region, home_district, home_cap, home_city, home_address, home_latitude, home_longitude, job_region, job_district, job_cap, job_city, job_address, job_latitude, job_longitude, job_start_time, job_end_time, firebase_token) VALUES (44, 'utente14@test.com', '7f5ec7d95f1fff198b3e8ce73ba483a098702834b0731816249035e65a8ae386', 'b7ae690a2922f295e25347b2c4af86a81716009a9e59f332684b531aada599c4', 'Melania', 'Gallo', null, 5, '2017-12-01', 'Toscana', 'MS', '54013', 'Fivizzano', 'Via Roma 90', 44.240770000, 10.128190000, 'Toscana', 'MS', '54011', 'Aulla', 'Via Lunigiana', 44.216684300, 9.966924300, '07:30:00', '17:30:00', null);
INSERT INTO home2work.dbo.users (id, email, password_hash, salt, name, surname, birthday, company_id, registration_date, home_region, home_district, home_cap, home_city, home_address, home_latitude, home_longitude, job_region, job_district, job_cap, job_city, job_address, job_latitude, job_longitude, job_start_time, job_end_time, firebase_token) VALUES (45, 'utente15@test.com', 'b671e1a327e37ccd216d3a85a990c9a9b0de68ab877d72a555d870213f16fcbd', '8391743d59a1d0cce948fc088e6e6a64aba4fe27fbf862c17235f8133341472f', 'Remo', 'Bruno', null, 11, '2017-12-01', 'Toscana', 'MS', '54013', 'Fivizzano', 'Via Stradella 12', 44.237110000, 10.127760000, 'Toscana', 'MS', '54011', 'Aulla', 'SR62 304', 44.226630000, 9.968220000, '08:00:00', '17:00:00', null);
INSERT INTO home2work.dbo.users (id, email, password_hash, salt, name, surname, birthday, company_id, registration_date, home_region, home_district, home_cap, home_city, home_address, home_latitude, home_longitude, job_region, job_district, job_cap, job_city, job_address, job_latitude, job_longitude, job_start_time, job_end_time, firebase_token) VALUES (46, 'utente16@test.com', '35caeba608663391f2f6a1c97744001c3bd872805baaefbae532a049d2528454', 'e5f02dba0fd34732ce60b291acaf7719a88e4362d39c86866550bdc5064fb4d7', 'Tamara', 'Lucchesi', null, 5, '2017-12-01', 'Toscana', 'MS', '54013', 'Fivizzano', 'Via Alcide Pedretti 1', 44.239970000, 10.125620000, 'Toscana', 'MS', '54011', 'Aulla', 'Via Lunigiana', 44.216684300, 9.966924300, '07:00:00', '17:00:00', null);
INSERT INTO home2work.dbo.users (id, email, password_hash, salt, name, surname, birthday, company_id, registration_date, home_region, home_district, home_cap, home_city, home_address, home_latitude, home_longitude, job_region, job_district, job_cap, job_city, job_address, job_latitude, job_longitude, job_start_time, job_end_time, firebase_token) VALUES (47, 'utente17@test.com', 'd16e91f840ce2daa493d6ca29f12f7bac606e3572b9d338195bc9d7126fc1d95', '5f511b6093f5beaf6e504526e692410e602e3ca3b21de61da5284b20ee9fe49c', 'Benedetta', 'Bellucci', null, 14, '2017-12-01', 'Toscana', 'MS', '54013', 'Soliera', 'Via Borgo Rometta Soliera 57', 44.207080000, 10.068880000, 'Toscana', 'MS', '54013', 'Fivizzano', 'Via Posara', 44.230490000, 10.116690000, '07:30:00', '18:00:00', null);
INSERT INTO home2work.dbo.users (id, email, password_hash, salt, name, surname, birthday, company_id, registration_date, home_region, home_district, home_cap, home_city, home_address, home_latitude, home_longitude, job_region, job_district, job_cap, job_city, job_address, job_latitude, job_longitude, job_start_time, job_end_time, firebase_token) VALUES (48, 'utente18@test.com', 'cf3f3986b7bf8c1c627e102f31944e4a0e20477b19ce6507ae7c478a8eead99b', 'c8600f4e7917bc69a22ae4e04299dc7a373a6fb20b338a1197afe405ae36e8ee', 'Delfio', 'Dellucci', null, 3, '2017-12-01', 'Toscana', 'MS', '54013', 'Rometta', 'Via Rismondo 123', 44.200270000, 10.051200000, 'Liguria', 'SP', '19126', 'La Spezia', 'Via Valdilocchi 15', 44.111690800, 9.862299400, '08:00:00', '17:00:00', null);
INSERT INTO home2work.dbo.users (id, email, password_hash, salt, name, surname, birthday, company_id, registration_date, home_region, home_district, home_cap, home_city, home_address, home_latitude, home_longitude, job_region, job_district, job_cap, job_city, job_address, job_latitude, job_longitude, job_start_time, job_end_time, firebase_token) VALUES (49, 'utente19@test.com', 'aacf5de5cdb0fe4c2daad075cc844797277208148ce54c682ea6b3c60f49d49d', 'ba7f8692f9de6c5092c8b1aa59233ad9c5559b9ff6fcc8c9b6e4310f37528093', 'Armando', 'De Luca', null, 3, '2017-12-01', 'Toscana', 'MS', '54011', 'Serricciolo', 'Via Giovanni Fantoni 24', 44.204390000, 10.030390000, 'Liguria', 'SP', '19126', 'La Spezia', 'Via Valdilocchi 15', 44.111690800, 9.862299400, '07:00:00', '17:30:00', null);
INSERT INTO home2work.dbo.users (id, email, password_hash, salt, name, surname, birthday, company_id, registration_date, home_region, home_district, home_cap, home_city, home_address, home_latitude, home_longitude, job_region, job_district, job_cap, job_city, job_address, job_latitude, job_longitude, job_start_time, job_end_time, firebase_token) VALUES (50, 'utente20@test.com', 'fe9f7ecc5428463882fc1c4536de0fdc404419e4a4f2cb8c7fc3f6fc7c0fe797', 'dc0b81c3286d81b0afaf5e200071e7d94face4ec9d0c49a34c8f53ab39c36e79', 'Carisio', 'Genovesi', null, 4, '2017-12-01', 'Toscana', 'MS', '54011', 'Pallerone', 'Via S. Tommaso 7', 44.204940000, 10.002690000, 'Liguria', 'SP', '19037', 'Santo Stefano di Magra', 'Via Arzelà 7', 44.155915100, 9.918037000, '07:00:00', '17:00:00', null);
INSERT INTO home2work.dbo.users (id, email, password_hash, salt, name, surname, birthday, company_id, registration_date, home_region, home_district, home_cap, home_city, home_address, home_latitude, home_longitude, job_region, job_district, job_cap, job_city, job_address, job_latitude, job_longitude, job_start_time, job_end_time, firebase_token) VALUES (51, 'utente21@test.com', 'bd4e5f3106c259b696027e8da1e404aceb9c5ad1f66782217afebc18dac17ef2', 'a824a4eb1c82307067a36f913f70bdb95fc51e17d7be521f16923d89e3a5044b', 'Elia', 'Trevisan', null, 14, '2017-12-01', 'Toscana', 'MS', '54011', 'Pallerone', 'Via Filippo Turati 239', 44.205023100, 10.000565900, 'Toscana', 'MS', '54013', 'Fivizzano', 'Via Posara', 44.230490000, 10.116690000, '07:00:00', '18:00:00', null);
INSERT INTO home2work.dbo.users (id, email, password_hash, salt, name, surname, birthday, company_id, registration_date, home_region, home_district, home_cap, home_city, home_address, home_latitude, home_longitude, job_region, job_district, job_cap, job_city, job_address, job_latitude, job_longitude, job_start_time, job_end_time, firebase_token) VALUES (52, 'utente22@test.com`', 'a2650ad7ca276e8b33cc9b3d73411e0380aa08ebe60d7da472cdc7b6d1a591d8', 'a33596d4ac1f689250c37712f8acbb2c085fefba2e17abddea11c7387ecd8ad5', 'Liviano', 'Bergamaschi', null, 4, '2017-12-01', 'Toscana', 'MS', '54011', 'Aulla', 'Via Apua 5', 44.207580200, 9.967334800, 'Liguria', 'SP', '19037', 'Santo Stefano di Magra', 'Via Arzelà 7', 44.155915100, 9.918037000, '07:00:00', '17:00:00', null);
INSERT INTO home2work.dbo.users (id, email, password_hash, salt, name, surname, birthday, company_id, registration_date, home_region, home_district, home_cap, home_city, home_address, home_latitude, home_longitude, job_region, job_district, job_cap, job_city, job_address, job_latitude, job_longitude, job_start_time, job_end_time, firebase_token) VALUES (53, 'utente23@test.com', 'b0ac2a6c78dd61b353929c0f112120d27de0dc09a49bc783f124151320488765', '8a553a42797d6da958903d79935f3389c923b896e7d71e2ca7a919dd4fd275e4', 'Quadrato', 'Esposito', null, 4, '2017-12-01', 'Toscana', 'MS', '54011', 'Aulla', 'Piazza Alcide De Gasperi 43', 44.210010300, 9.966037300, 'Liguria', 'SP', '19037', 'Santo Stefano di Magra', 'Via Arzelà 7', 44.155915100, 9.918037000, '07:00:00', '17:00:00', null);
INSERT INTO home2work.dbo.users (id, email, password_hash, salt, name, surname, birthday, company_id, registration_date, home_region, home_district, home_cap, home_city, home_address, home_latitude, home_longitude, job_region, job_district, job_cap, job_city, job_address, job_latitude, job_longitude, job_start_time, job_end_time, firebase_token) VALUES (54, 'utente24@test.com', 'bd4ef3228b70b8751f1d675aae4ed882fa7058fd9eacae622eab77f65bc1cd19', 'a6ac965781d321ec29855e4551573c2e87d60d81725d50e6997ce3fd6643196a', 'Lodovico', 'Baresi', null, 12, '2017-12-01', 'Toscana', 'MS', '54011', 'Aulla', 'Via Nazionale 245', 44.213652100, 9.966103300, 'Liguria', 'SP', '19125', 'La Spezia', 'Via Fontevivo 17', 44.118770000, 9.832460000, '08:00:00', '17:30:00', null);
INSERT INTO home2work.dbo.users (id, email, password_hash, salt, name, surname, birthday, company_id, registration_date, home_region, home_district, home_cap, home_city, home_address, home_latitude, home_longitude, job_region, job_district, job_cap, job_city, job_address, job_latitude, job_longitude, job_start_time, job_end_time, firebase_token) VALUES (55, 'utente25@test.com', '8292b08a5a734dbf7f4475e9631b747a36f26258f37d02a42aff06306f911f93', '7e7c8956cee197485b658b98a5debe44f49de424d84a66e2e217c08dec364198', 'Bellino', 'Trevisano', null, 3, '2017-12-01', 'Toscana', 'MS', '54011', 'Aulla', 'Via I Maggio 5', 44.216803400, 9.966443600, 'Liguria', 'SP', '19126', 'La Spezia', 'Via Valdilocchi 15', 44.111690800, 9.862299400, '07:00:00', '17:00:00', null);
INSERT INTO home2work.dbo.users (id, email, password_hash, salt, name, surname, birthday, company_id, registration_date, home_region, home_district, home_cap, home_city, home_address, home_latitude, home_longitude, job_region, job_district, job_cap, job_city, job_address, job_latitude, job_longitude, job_start_time, job_end_time, firebase_token) VALUES (56, 'utente26@test.com', 'd517048275dd3b0d281a1e02f66bcc7845f9da1924bed485078b600fee822e33', '9cf585d367c47fb2c74abc01fcdac2e74cca7ccae3ab422d62898c85787548c1', 'Vincenzo', 'Romani', null, 3, '2017-12-01', 'Toscana', 'MS', '54011', 'Aulla', 'Via Cerri 63', 44.218902900, 9.970205000, 'Liguria', 'SP', '19126', 'La Spezia', 'Via Valdilocchi 15', 44.111690800, 9.862299400, '07:30:00', '17:00:00', null);
INSERT INTO home2work.dbo.users (id, email, password_hash, salt, name, surname, birthday, company_id, registration_date, home_region, home_district, home_cap, home_city, home_address, home_latitude, home_longitude, job_region, job_district, job_cap, job_city, job_address, job_latitude, job_longitude, job_start_time, job_end_time, firebase_token) VALUES (57, 'utente27@test.com', 'c64692d40044db7cd8609fb730893cb676e4b6b5187cbade5eb8e3287f7fbfe4', '67559d2732edd095b59959f32d2e96c7219b153faefe6d5b4dd82ef0cc20ed24', 'Alfonso', 'Buccho', null, 3, '2017-12-01', 'Toscana', 'MS', '54011', 'Aulla', 'Via Martiri di Via Fani 51', 44.216794800, 9.969925100, 'Liguria', 'SP', '19126', 'La Spezia', 'Via Valdilocchi 15', 44.111690800, 9.862299400, '07:00:00', '18:00:00', null);
INSERT INTO home2work.dbo.users (id, email, password_hash, salt, name, surname, birthday, company_id, registration_date, home_region, home_district, home_cap, home_city, home_address, home_latitude, home_longitude, job_region, job_district, job_cap, job_city, job_address, job_latitude, job_longitude, job_start_time, job_end_time, firebase_token) VALUES (58, 'utente28@test.com', 'ecb6cd99d47e50566035e810eacee258d4ac10923703028cf8ea312d5b1cbc18', '5a4083db16beedf6dad47386d9961837edd68d1f996cb72ef92b215ebe8d75b1', 'Giuditta', 'Padovesi', null, 12, '2017-12-01', 'Toscana', 'MS', '54016', 'Masero', 'Via Francia 41', 44.227866200, 9.968340600, 'Liguria', 'SP', '19125', 'La Spezia', 'Via Fontevivo 17', 44.118770000, 9.832460000, '07:30:00', '17:30:00', null);
INSERT INTO home2work.dbo.users (id, email, password_hash, salt, name, surname, birthday, company_id, registration_date, home_region, home_district, home_cap, home_city, home_address, home_latitude, home_longitude, job_region, job_district, job_cap, job_city, job_address, job_latitude, job_longitude, job_start_time, job_end_time, firebase_token) VALUES (59, 'utente29@test.com', 'c9b2916c44ae55e4926d55f67cf0085e16673304e5adbb1fe05263d048b688e8', 'c898938a6d87c43a9405c476af37edb287dc5200b9ecab5a81eca57a59269459', 'Cupido', 'Ricci', null, 3, '2017-12-01', 'Toscana', 'MS', '54016', 'Monti di Licciana', 'Via delle Medaglie D''oro 4', 44.251346800, 10.013248500, 'Liguria', 'SP', '19126', 'La Spezia', 'Via Valdilocchi 15', 44.111690800, 9.862299400, '08:00:00', '16:30:00', null);
INSERT INTO home2work.dbo.users (id, email, password_hash, salt, name, surname, birthday, company_id, registration_date, home_region, home_district, home_cap, home_city, home_address, home_latitude, home_longitude, job_region, job_district, job_cap, job_city, job_address, job_latitude, job_longitude, job_start_time, job_end_time, firebase_token) VALUES (60, 'utente30@test.com', '066e603c9aa3c0f7617431354b891d0241818b00d28e18a90d6523ab5399cda8', '51deb5a7e3ecdc75789fd328bbfef87bd327275bd9309937be7ca8925c3e9f27', 'Ambrogio', 'Sagese', null, 10, '2017-12-01', 'Toscana', 'MS', '54016', 'Monti di Licciana', 'Strada Provinciale 7', 44.249951300, 10.009778200, 'Toscana', 'MS', '54011', 'Aulla', 'Via Nazionale', 44.215640000, 9.967500000, '07:00:00', '17:00:00', null);
INSERT INTO home2work.dbo.users (id, email, password_hash, salt, name, surname, birthday, company_id, registration_date, home_region, home_district, home_cap, home_city, home_address, home_latitude, home_longitude, job_region, job_district, job_cap, job_city, job_address, job_latitude, job_longitude, job_start_time, job_end_time, firebase_token) VALUES (61, 'utente31@test.com', '89c16a332a7be6aee4953b40f34c3900bf06f3efe93ec503b362a977820cb2b7', '6413e9714f92d5ec9cfaac80fd954bb172bd4f283b2e6bd4b5228babc870f4cc', 'Agostina', 'Udinesi', null, 1, '2017-12-01', 'Toscana', 'MS', '54016', 'Licciana Nardi', 'Via Montebello 79', 44.264834000, 10.035538500, 'Emilia Romagna', 'PR', '43124', 'Parma', 'Dipartimento di Ingegneria e Architettura - Sede Didattica', 44.765344000, 10.310500800, '05:00:00', '17:00:00', 'ebYEL1wrZVo:APA91bESYupnD27bigisxal2Ua_pUaDeqOznpRA4Xq6zf_GlV1FlzTrSfTu14MBsRwgFDwu9LKJolwAR8k3BlWJQyEbTAd2CwHfQnXInaWU_-3t8cax5hGrd2BJmwCpCAn1TDuZ-Wv6k');
INSERT INTO home2work.dbo.users (id, email, password_hash, salt, name, surname, birthday, company_id, registration_date, home_region, home_district, home_cap, home_city, home_address, home_latitude, home_longitude, job_region, job_district, job_cap, job_city, job_address, job_latitude, job_longitude, job_start_time, job_end_time, firebase_token) VALUES (64, 'utentetest@test.com', 'a5dcfb3104d82748de89d29d971493d739c1ad5c5459ca36be73f3a857c8390d', 'd62202ab58557d96cb190a592067adf24b24367cd45113496f6aadf2756334c1', 'Giovanni', 'Cocci', null, 1, '2017-12-17', 'Toscana', 'MS', '54013', 'Monzone', 'Via Cesare Battisti 89', 44.166151700, 10.123491000, 'Emilia Romagna', 'PR', '43124', 'Parma', 'Dipartimento di Ingegneria e Architettura - Sede Didattica', 44.765344000, 10.310500800, '05:00:00', '18:00:00', null);
INSERT INTO home2work.dbo.users (id, email, password_hash, salt, name, surname, birthday, company_id, registration_date, home_region, home_district, home_cap, home_city, home_address, home_latitude, home_longitude, job_region, job_district, job_cap, job_city, job_address, job_latitude, job_longitude, job_start_time, job_end_time, firebase_token) VALUES (66, 'lucia.pinelli@home2work.it', 'a73b19d8e5b4de60448735db66c9c5bd86d52932b34ed9af54c1430305e93351', 'ed361007cffab3b35a6c3eacd11ed59eb014f8c22a37e41a7ffe7c37cd4f03f2', 'Anna', 'Bianchi', null, 1, '2018-01-23', 'Toscana', 'MS', '54013', 'Monzone', 'Via Cesare Battisti 89', 44.166151700, 10.123491000, 'Emilia Romagna', 'PR', '43124', 'Parma', 'Dipartimento di Ingegneria e Architettura - Sede Didattica', 44.765344000, 10.310500800, '05:00:00', '17:00:00', null);
INSERT INTO home2work.dbo.users (id, email, password_hash, salt, name, surname, birthday, company_id, registration_date, home_region, home_district, home_cap, home_city, home_address, home_latitude, home_longitude, job_region, job_district, job_cap, job_city, job_address, job_latitude, job_longitude, job_start_time, job_end_time, firebase_token) VALUES (67, 'omero.mastrini@home2work.it', 'a73b19d8e5b4de60448735db66c9c5bd86d52932b34ed9af54c1430305e93351', 'ed361007cffab3b35a6c3eacd11ed59eb014f8c22a37e41a7ffe7c37cd4f03f2', 'Luca', 'Rossi', null, 1, '2018-01-23', 'Toscana', 'MS', '54013', 'Monzone', 'Via Cesare Battisti 89', 44.166012700, 10.123493100, 'Emilia Romagna', 'PR', '43124', 'Parma', 'Dipartimento di Ingegneria e Architettura - Sede Didattica', 44.765344000, 10.310500800, '05:00:00', '18:00:00', null);
INSERT INTO dbo.chat_info (id, user1, user2, time, last_message_id, message_count) VALUES (1, 3, 5, '2018-02-24 18:43:17.693', 174, 85);
INSERT INTO dbo.chat_info (id, user1, user2, time, last_message_id, message_count) VALUES (2, 9, 3, '2018-02-24 18:47:42.970', 7, 2);
INSERT INTO dbo.chat_info (id, user1, user2, time, last_message_id, message_count) VALUES (4, 3, 10, '2018-02-26 10:40:08.867', 11, 2);
INSERT INTO dbo.chat_info (id, user1, user2, time, last_message_id, message_count) VALUES (5, 3, 8, '2018-02-26 10:41:21.347', 13, 2);
INSERT INTO dbo.chat_info (id, user1, user2, time, last_message_id, message_count) VALUES (6, 3, 7, '2018-02-26 10:41:21.567', 71, 4);
INSERT INTO dbo.chat_info (id, user1, user2, time, last_message_id, message_count) VALUES (7, 5, 10, '2018-02-28 20:09:54.733', 88, 4);
INSERT INTO dbo.chat_info (id, user1, user2, time, last_message_id, message_count) VALUES (8, 5, 9, '2018-02-28 20:11:12.357', 185, 2);
INSERT INTO dbo.chat_info (id, user1, user2, time, last_message_id, message_count) VALUES (9, 3, 64, '2018-03-02 15:08:42.567', 119, 1);
INSERT INTO dbo.chat_info (id, user1, user2, time, last_message_id, message_count) VALUES (10, 7, 9, '2018-03-06 20:48:35.647', 158, 16);
INSERT INTO dbo.chat_info (id, user1, user2, time, last_message_id, message_count) VALUES (11, 10, 9, '2018-03-14 15:09:08.853', 186, 2);
INSERT INTO dbo.chat_info (id, user1, user2, time, last_message_id, message_count) VALUES (12, 39, 3, '2018-03-15 08:56:31.467', 184, 46);
INSERT INTO dbo.chat_info (id, user1, user2, time, last_message_id, message_count) VALUES (13, 3, 67, '2018-03-23 14:37:47.630', 118, 1);
INSERT INTO dbo.chat_info (id, user1, user2, time, last_message_id, message_count) VALUES (14, 5, 5, '2018-04-01 13:58:10.140', null, 0);
INSERT INTO dbo.chat_info (id, user1, user2, time, last_message_id, message_count) VALUES (15, 3, 66, '2018-04-01 14:05:24.937', 182, 6);
INSERT INTO dbo.chat_info (id, user1, user2, time, last_message_id, message_count) VALUES (16, 7, 5, '2018-04-07 14:23:41.167', null, 0);
INSERT INTO dbo.chat_info (id, user1, user2, time, last_message_id, message_count) VALUES (17, 40, 41, '2018-06-11 09:55:27.687', null, 0);
INSERT INTO dbo.company_employees (id, name, employees) VALUES (1, 'Campus UNIPR', 5);
INSERT INTO dbo.company_employees (id, name, employees) VALUES (3, 'Oto Melara Spa', 6);
INSERT INTO dbo.company_employees (id, name, employees) VALUES (4, 'Conad Superstore', 3);
INSERT INTO dbo.company_employees (id, name, employees) VALUES (5, 'Lidl', 3);
INSERT INTO dbo.company_employees (id, name, employees) VALUES (6, 'Lunipaper S.R.L.', 4);
INSERT INTO dbo.company_employees (id, name, employees) VALUES (10, 'Penny', 2);
INSERT INTO dbo.company_employees (id, name, employees) VALUES (11, 'Conad', 1);
INSERT INTO dbo.company_employees (id, name, employees) VALUES (12, 'Ipercoop', 3);
INSERT INTO dbo.company_employees (id, name, employees) VALUES (13, 'Ospedale Sant''Antonio Abate', 2);
INSERT INTO dbo.company_employees (id, name, employees) VALUES (14, 'Lunielettronik', 5);
INSERT INTO dbo.company_employees (id, name, employees) VALUES (15, 'Azienda Test', 0);
INSERT INTO dbo.company_ranks (id, name, total_shares_rank, user_avg_shares_rank, monthly_shares_rank, user_avg_month_shares_rank, monthly_shares_avg_rank, total_shared_distance_rank, user_avg_shared_distance_rank, monthly_shared_distance_rank, user_avg_monthly_shared_distance_rank, monthly_shared_distance_avg_rank) VALUES (6, 'Lunipaper S.R.L.', 1, 1, 1, 1, 1, 2, 1, 1, 1, 1);
INSERT INTO dbo.company_ranks (id, name, total_shares_rank, user_avg_shares_rank, monthly_shares_rank, user_avg_month_shares_rank, monthly_shares_avg_rank, total_shared_distance_rank, user_avg_shared_distance_rank, monthly_shared_distance_rank, user_avg_monthly_shared_distance_rank, monthly_shared_distance_avg_rank) VALUES (1, 'Campus UNIPR', 2, 2, 2, 2, 2, 1, 2, 1, 2, 1);
INSERT INTO dbo.company_ranks (id, name, total_shares_rank, user_avg_shares_rank, monthly_shares_rank, user_avg_month_shares_rank, monthly_shares_avg_rank, total_shared_distance_rank, user_avg_shared_distance_rank, monthly_shared_distance_rank, user_avg_monthly_shared_distance_rank, monthly_shared_distance_avg_rank) VALUES (13, 'Ospedale Sant''Antonio Abate', 3, 3, 3, 3, 2, 3, 3, 3, 3, 1);
INSERT INTO dbo.company_ranks (id, name, total_shares_rank, user_avg_shares_rank, monthly_shares_rank, user_avg_month_shares_rank, monthly_shares_avg_rank, total_shared_distance_rank, user_avg_shared_distance_rank, monthly_shared_distance_rank, user_avg_monthly_shared_distance_rank, monthly_shared_distance_avg_rank) VALUES (14, 'Lunielettronik', 4, 4, 3, 3, 2, 3, 3, 3, 3, 1);
INSERT INTO dbo.company_ranks (id, name, total_shares_rank, user_avg_shares_rank, monthly_shares_rank, user_avg_month_shares_rank, monthly_shares_avg_rank, total_shared_distance_rank, user_avg_shared_distance_rank, monthly_shared_distance_rank, user_avg_monthly_shared_distance_rank, monthly_shared_distance_avg_rank) VALUES (15, 'Azienda Test', 4, 4, 3, 3, 2, 3, 3, 3, 3, 1);
INSERT INTO dbo.company_ranks (id, name, total_shares_rank, user_avg_shares_rank, monthly_shares_rank, user_avg_month_shares_rank, monthly_shares_avg_rank, total_shared_distance_rank, user_avg_shared_distance_rank, monthly_shared_distance_rank, user_avg_monthly_shared_distance_rank, monthly_shared_distance_avg_rank) VALUES (3, 'Oto Melara Spa', 4, 4, 3, 3, 2, 3, 3, 3, 3, 1);
INSERT INTO dbo.company_ranks (id, name, total_shares_rank, user_avg_shares_rank, monthly_shares_rank, user_avg_month_shares_rank, monthly_shares_avg_rank, total_shared_distance_rank, user_avg_shared_distance_rank, monthly_shared_distance_rank, user_avg_monthly_shared_distance_rank, monthly_shared_distance_avg_rank) VALUES (4, 'Conad Superstore', 4, 4, 3, 3, 2, 3, 3, 3, 3, 1);
INSERT INTO dbo.company_ranks (id, name, total_shares_rank, user_avg_shares_rank, monthly_shares_rank, user_avg_month_shares_rank, monthly_shares_avg_rank, total_shared_distance_rank, user_avg_shared_distance_rank, monthly_shared_distance_rank, user_avg_monthly_shared_distance_rank, monthly_shared_distance_avg_rank) VALUES (5, 'Lidl', 4, 4, 3, 3, 2, 3, 3, 3, 3, 1);
INSERT INTO dbo.company_ranks (id, name, total_shares_rank, user_avg_shares_rank, monthly_shares_rank, user_avg_month_shares_rank, monthly_shares_avg_rank, total_shared_distance_rank, user_avg_shared_distance_rank, monthly_shared_distance_rank, user_avg_monthly_shared_distance_rank, monthly_shared_distance_avg_rank) VALUES (10, 'Penny', 4, 4, 3, 3, 2, 3, 3, 3, 3, 1);
INSERT INTO dbo.company_ranks (id, name, total_shares_rank, user_avg_shares_rank, monthly_shares_rank, user_avg_month_shares_rank, monthly_shares_avg_rank, total_shared_distance_rank, user_avg_shared_distance_rank, monthly_shared_distance_rank, user_avg_monthly_shared_distance_rank, monthly_shared_distance_avg_rank) VALUES (11, 'Conad', 4, 4, 3, 3, 2, 3, 3, 3, 3, 1);
INSERT INTO dbo.company_ranks (id, name, total_shares_rank, user_avg_shares_rank, monthly_shares_rank, user_avg_month_shares_rank, monthly_shares_avg_rank, total_shared_distance_rank, user_avg_shared_distance_rank, monthly_shared_distance_rank, user_avg_monthly_shared_distance_rank, monthly_shared_distance_avg_rank) VALUES (12, 'Ipercoop', 4, 4, 3, 3, 2, 3, 3, 3, 3, 1);
INSERT INTO dbo.company_statistics (id, name, employees, total_shares, user_avg_shares, monthly_shares, user_avg_monthly_shares, monthly_shares_avg, total_shared_distance, user_avg_shared_distance, monthly_shared_distance, user_avg_monthly_shared_distance, monthly_shared_distance_avg) VALUES (1, 'Campus UNIPR', 5, 14, 2.8, 2, 0.4, 0, 407561, 81512.2, 100572, 20114.4, 0);
INSERT INTO dbo.company_statistics (id, name, employees, total_shares, user_avg_shares, monthly_shares, user_avg_monthly_shares, monthly_shares_avg, total_shared_distance, user_avg_shared_distance, monthly_shared_distance, user_avg_monthly_shared_distance, monthly_shared_distance_avg) VALUES (3, 'Oto Melara Spa', 6, 0, 0, 0, 0, 0, 0, 0, 0, 0, 0);
INSERT INTO dbo.company_statistics (id, name, employees, total_shares, user_avg_shares, monthly_shares, user_avg_monthly_shares, monthly_shares_avg, total_shared_distance, user_avg_shared_distance, monthly_shared_distance, user_avg_monthly_shared_distance, monthly_shared_distance_avg) VALUES (4, 'Conad Superstore', 3, 0, 0, 0, 0, 0, 0, 0, 0, 0, 0);
INSERT INTO dbo.company_statistics (id, name, employees, total_shares, user_avg_shares, monthly_shares, user_avg_monthly_shares, monthly_shares_avg, total_shared_distance, user_avg_shared_distance, monthly_shared_distance, user_avg_monthly_shared_distance, monthly_shared_distance_avg) VALUES (5, 'Lidl', 3, 0, 0, 0, 0, 0, 0, 0, 0, 0, 0);
INSERT INTO dbo.company_statistics (id, name, employees, total_shares, user_avg_shares, monthly_shares, user_avg_monthly_shares, monthly_shares_avg, total_shared_distance, user_avg_shared_distance, monthly_shared_distance, user_avg_monthly_shared_distance, monthly_shared_distance_avg) VALUES (6, 'Lunipaper S.R.L.', 4, 15, 3.75, 3, 0.75, 0.125, 329821, 82455.25, 100572, 25143, 0);
INSERT INTO dbo.company_statistics (id, name, employees, total_shares, user_avg_shares, monthly_shares, user_avg_monthly_shares, monthly_shares_avg, total_shared_distance, user_avg_shared_distance, monthly_shared_distance, user_avg_monthly_shared_distance, monthly_shared_distance_avg) VALUES (10, 'Penny', 2, 0, 0, 0, 0, 0, 0, 0, 0, 0, 0);
INSERT INTO dbo.company_statistics (id, name, employees, total_shares, user_avg_shares, monthly_shares, user_avg_monthly_shares, monthly_shares_avg, total_shared_distance, user_avg_shared_distance, monthly_shared_distance, user_avg_monthly_shared_distance, monthly_shared_distance_avg) VALUES (11, 'Conad', 1, 0, 0, 0, 0, 0, 0, 0, 0, 0, 0);
INSERT INTO dbo.company_statistics (id, name, employees, total_shares, user_avg_shares, monthly_shares, user_avg_monthly_shares, monthly_shares_avg, total_shared_distance, user_avg_shared_distance, monthly_shared_distance, user_avg_monthly_shared_distance, monthly_shared_distance_avg) VALUES (12, 'Ipercoop', 3, 0, 0, 0, 0, 0, 0, 0, 0, 0, 0);
INSERT INTO dbo.company_statistics (id, name, employees, total_shares, user_avg_shares, monthly_shares, user_avg_monthly_shares, monthly_shares_avg, total_shared_distance, user_avg_shared_distance, monthly_shared_distance, user_avg_monthly_shared_distance, monthly_shared_distance_avg) VALUES (13, 'Ospedale Sant''Antonio Abate', 2, 2, 1, 0, 0, 0, 0, 0, 0, 0, 0);
INSERT INTO dbo.company_statistics (id, name, employees, total_shares, user_avg_shares, monthly_shares, user_avg_monthly_shares, monthly_shares_avg, total_shared_distance, user_avg_shared_distance, monthly_shared_distance, user_avg_monthly_shared_distance, monthly_shared_distance_avg) VALUES (14, 'Lunielettronik', 5, 0, 0, 0, 0, 0, 0, 0, 0, 0, 0);
INSERT INTO dbo.company_statistics (id, name, employees, total_shares, user_avg_shares, monthly_shares, user_avg_monthly_shares, monthly_shares_avg, total_shared_distance, user_avg_shared_distance, monthly_shared_distance, user_avg_monthly_shared_distance, monthly_shared_distance_avg) VALUES (15, 'Azienda Test', 0, 0, 0, 0, 0, 0, 0, 0, 0, 0, 0);
INSERT INTO dbo.leaderboards_company (id, name, shares_alltime_rank, shared_distance_alltime_rank, shares_monthly_rank, shared_distance_monthly_rank, shares_weekly_rank, shared_distance_weekly_rank) VALUES (6, 'Lunipaper S.R.L.', 1, 2, 1, 1, 1, 2);
INSERT INTO dbo.leaderboards_company (id, name, shares_alltime_rank, shared_distance_alltime_rank, shares_monthly_rank, shared_distance_monthly_rank, shares_weekly_rank, shared_distance_weekly_rank) VALUES (1, 'Campus UNIPR', 2, 1, 2, 1, 2, 1);
INSERT INTO dbo.leaderboards_company (id, name, shares_alltime_rank, shared_distance_alltime_rank, shares_monthly_rank, shared_distance_monthly_rank, shares_weekly_rank, shared_distance_weekly_rank) VALUES (13, 'Ospedale Sant''Antonio Abate', 3, 3, 3, 3, 3, 3);
INSERT INTO dbo.leaderboards_company (id, name, shares_alltime_rank, shared_distance_alltime_rank, shares_monthly_rank, shared_distance_monthly_rank, shares_weekly_rank, shared_distance_weekly_rank) VALUES (14, 'Lunielettronik', 4, 3, 3, 3, 4, 3);
INSERT INTO dbo.leaderboards_company (id, name, shares_alltime_rank, shared_distance_alltime_rank, shares_monthly_rank, shared_distance_monthly_rank, shares_weekly_rank, shared_distance_weekly_rank) VALUES (15, 'Azienda Test', 4, 3, 3, 3, 4, 3);
INSERT INTO dbo.leaderboards_company (id, name, shares_alltime_rank, shared_distance_alltime_rank, shares_monthly_rank, shared_distance_monthly_rank, shares_weekly_rank, shared_distance_weekly_rank) VALUES (3, 'Oto Melara Spa', 4, 3, 3, 3, 4, 3);
INSERT INTO dbo.leaderboards_company (id, name, shares_alltime_rank, shared_distance_alltime_rank, shares_monthly_rank, shared_distance_monthly_rank, shares_weekly_rank, shared_distance_weekly_rank) VALUES (4, 'Conad Superstore', 4, 3, 3, 3, 4, 3);
INSERT INTO dbo.leaderboards_company (id, name, shares_alltime_rank, shared_distance_alltime_rank, shares_monthly_rank, shared_distance_monthly_rank, shares_weekly_rank, shared_distance_weekly_rank) VALUES (5, 'Lidl', 4, 3, 3, 3, 4, 3);
INSERT INTO dbo.leaderboards_company (id, name, shares_alltime_rank, shared_distance_alltime_rank, shares_monthly_rank, shared_distance_monthly_rank, shares_weekly_rank, shared_distance_weekly_rank) VALUES (10, 'Penny', 4, 3, 3, 3, 4, 3);
INSERT INTO dbo.leaderboards_company (id, name, shares_alltime_rank, shared_distance_alltime_rank, shares_monthly_rank, shared_distance_monthly_rank, shares_weekly_rank, shared_distance_weekly_rank) VALUES (11, 'Conad', 4, 3, 3, 3, 4, 3);
INSERT INTO dbo.leaderboards_company (id, name, shares_alltime_rank, shared_distance_alltime_rank, shares_monthly_rank, shared_distance_monthly_rank, shares_weekly_rank, shared_distance_weekly_rank) VALUES (12, 'Ipercoop', 4, 3, 3, 3, 4, 3);
INSERT INTO dbo.leaderboards_user_company (user_id, name, surname, company_id, company_name, total_shares, shares_alltime_rank, total_shared_distance, shared_distance_alltime_rank, weekly_shares, shares_weekly_rank, weekly_shared_distance, shared_distance_weekly_rank, monthly_shares, shares_monthly_rank, monthly_shared_distance, shared_distance_monthly_rank) VALUES (3, 'Federico', 'Mastrini', 1, 'Campus UNIPR', 12, 1, 368690, 1, 0, 1, 0, 1, 2, 1, 100572, 1);
INSERT INTO dbo.leaderboards_user_company (user_id, name, surname, company_id, company_name, total_shares, shares_alltime_rank, total_shared_distance, shared_distance_alltime_rank, weekly_shares, shares_weekly_rank, weekly_shared_distance, shared_distance_weekly_rank, monthly_shares, shares_monthly_rank, monthly_shared_distance, shared_distance_monthly_rank) VALUES (66, 'Anna', 'Bianchi', 1, 'Campus UNIPR', 1, 2, 19476, 2, 0, 1, 0, 1, 0, 2, 0, 2);
INSERT INTO dbo.leaderboards_user_company (user_id, name, surname, company_id, company_name, total_shares, shares_alltime_rank, total_shared_distance, shared_distance_alltime_rank, weekly_shares, shares_weekly_rank, weekly_shared_distance, shared_distance_weekly_rank, monthly_shares, shares_monthly_rank, monthly_shared_distance, shared_distance_monthly_rank) VALUES (67, 'Luca', 'Rossi', 1, 'Campus UNIPR', 1, 2, 19395, 3, 0, 1, 0, 1, 0, 2, 0, 2);
INSERT INTO dbo.leaderboards_user_company (user_id, name, surname, company_id, company_name, total_shares, shares_alltime_rank, total_shared_distance, shared_distance_alltime_rank, weekly_shares, shares_weekly_rank, weekly_shared_distance, shared_distance_weekly_rank, monthly_shares, shares_monthly_rank, monthly_shared_distance, shared_distance_monthly_rank) VALUES (61, 'Agostina', 'Udinesi', 1, 'Campus UNIPR', 0, 4, 0, 4, 0, 1, 0, 1, 0, 2, 0, 2);
INSERT INTO dbo.leaderboards_user_company (user_id, name, surname, company_id, company_name, total_shares, shares_alltime_rank, total_shared_distance, shared_distance_alltime_rank, weekly_shares, shares_weekly_rank, weekly_shared_distance, shared_distance_weekly_rank, monthly_shares, shares_monthly_rank, monthly_shared_distance, shared_distance_monthly_rank) VALUES (64, 'Giovanni', 'Cocci', 1, 'Campus UNIPR', 0, 4, 0, 4, 0, 1, 0, 1, 0, 2, 0, 2);
INSERT INTO dbo.leaderboards_user_company (user_id, name, surname, company_id, company_name, total_shares, shares_alltime_rank, total_shared_distance, shared_distance_alltime_rank, weekly_shares, shares_weekly_rank, weekly_shared_distance, shared_distance_weekly_rank, monthly_shares, shares_monthly_rank, monthly_shared_distance, shared_distance_monthly_rank) VALUES (59, 'Cupido', 'Ricci', 3, 'Oto Melara Spa', 0, 1, 0, 1, 0, 1, 0, 1, 0, 1, 0, 1);
INSERT INTO dbo.leaderboards_user_company (user_id, name, surname, company_id, company_name, total_shares, shares_alltime_rank, total_shared_distance, shared_distance_alltime_rank, weekly_shares, shares_weekly_rank, weekly_shared_distance, shared_distance_weekly_rank, monthly_shares, shares_monthly_rank, monthly_shared_distance, shared_distance_monthly_rank) VALUES (55, 'Bellino', 'Trevisano', 3, 'Oto Melara Spa', 0, 1, 0, 1, 0, 1, 0, 1, 0, 1, 0, 1);
INSERT INTO dbo.leaderboards_user_company (user_id, name, surname, company_id, company_name, total_shares, shares_alltime_rank, total_shared_distance, shared_distance_alltime_rank, weekly_shares, shares_weekly_rank, weekly_shared_distance, shared_distance_weekly_rank, monthly_shares, shares_monthly_rank, monthly_shared_distance, shared_distance_monthly_rank) VALUES (56, 'Vincenzo', 'Romani', 3, 'Oto Melara Spa', 0, 1, 0, 1, 0, 1, 0, 1, 0, 1, 0, 1);
INSERT INTO dbo.leaderboards_user_company (user_id, name, surname, company_id, company_name, total_shares, shares_alltime_rank, total_shared_distance, shared_distance_alltime_rank, weekly_shares, shares_weekly_rank, weekly_shared_distance, shared_distance_weekly_rank, monthly_shares, shares_monthly_rank, monthly_shared_distance, shared_distance_monthly_rank) VALUES (57, 'Alfonso', 'Buccho', 3, 'Oto Melara Spa', 0, 1, 0, 1, 0, 1, 0, 1, 0, 1, 0, 1);
INSERT INTO dbo.leaderboards_user_company (user_id, name, surname, company_id, company_name, total_shares, shares_alltime_rank, total_shared_distance, shared_distance_alltime_rank, weekly_shares, shares_weekly_rank, weekly_shared_distance, shared_distance_weekly_rank, monthly_shares, shares_monthly_rank, monthly_shared_distance, shared_distance_monthly_rank) VALUES (48, 'Delfio', 'Dellucci', 3, 'Oto Melara Spa', 0, 1, 0, 1, 0, 1, 0, 1, 0, 1, 0, 1);
INSERT INTO dbo.leaderboards_user_company (user_id, name, surname, company_id, company_name, total_shares, shares_alltime_rank, total_shared_distance, shared_distance_alltime_rank, weekly_shares, shares_weekly_rank, weekly_shared_distance, shared_distance_weekly_rank, monthly_shares, shares_monthly_rank, monthly_shared_distance, shared_distance_monthly_rank) VALUES (49, 'Armando', 'De Luca', 3, 'Oto Melara Spa', 0, 1, 0, 1, 0, 1, 0, 1, 0, 1, 0, 1);
INSERT INTO dbo.leaderboards_user_company (user_id, name, surname, company_id, company_name, total_shares, shares_alltime_rank, total_shared_distance, shared_distance_alltime_rank, weekly_shares, shares_weekly_rank, weekly_shared_distance, shared_distance_weekly_rank, monthly_shares, shares_monthly_rank, monthly_shared_distance, shared_distance_monthly_rank) VALUES (50, 'Carisio', 'Genovesi', 4, 'Conad Superstore', 0, 1, 0, 1, 0, 1, 0, 1, 0, 1, 0, 1);
INSERT INTO dbo.leaderboards_user_company (user_id, name, surname, company_id, company_name, total_shares, shares_alltime_rank, total_shared_distance, shared_distance_alltime_rank, weekly_shares, shares_weekly_rank, weekly_shared_distance, shared_distance_weekly_rank, monthly_shares, shares_monthly_rank, monthly_shared_distance, shared_distance_monthly_rank) VALUES (52, 'Liviano', 'Bergamaschi', 4, 'Conad Superstore', 0, 1, 0, 1, 0, 1, 0, 1, 0, 1, 0, 1);
INSERT INTO dbo.leaderboards_user_company (user_id, name, surname, company_id, company_name, total_shares, shares_alltime_rank, total_shared_distance, shared_distance_alltime_rank, weekly_shares, shares_weekly_rank, weekly_shared_distance, shared_distance_weekly_rank, monthly_shares, shares_monthly_rank, monthly_shared_distance, shared_distance_monthly_rank) VALUES (53, 'Quadrato', 'Esposito', 4, 'Conad Superstore', 0, 1, 0, 1, 0, 1, 0, 1, 0, 1, 0, 1);
INSERT INTO dbo.leaderboards_user_company (user_id, name, surname, company_id, company_name, total_shares, shares_alltime_rank, total_shared_distance, shared_distance_alltime_rank, weekly_shares, shares_weekly_rank, weekly_shared_distance, shared_distance_weekly_rank, monthly_shares, shares_monthly_rank, monthly_shared_distance, shared_distance_monthly_rank) VALUES (46, 'Tamara', 'Lucchesi', 5, 'Lidl', 0, 1, 0, 1, 0, 1, 0, 1, 0, 1, 0, 1);
INSERT INTO dbo.leaderboards_user_company (user_id, name, surname, company_id, company_name, total_shares, shares_alltime_rank, total_shared_distance, shared_distance_alltime_rank, weekly_shares, shares_weekly_rank, weekly_shared_distance, shared_distance_weekly_rank, monthly_shares, shares_monthly_rank, monthly_shared_distance, shared_distance_monthly_rank) VALUES (43, 'Adamo', 'De Luca', 5, 'Lidl', 0, 1, 0, 1, 0, 1, 0, 1, 0, 1, 0, 1);
INSERT INTO dbo.leaderboards_user_company (user_id, name, surname, company_id, company_name, total_shares, shares_alltime_rank, total_shared_distance, shared_distance_alltime_rank, weekly_shares, shares_weekly_rank, weekly_shared_distance, shared_distance_weekly_rank, monthly_shares, shares_monthly_rank, monthly_shared_distance, shared_distance_monthly_rank) VALUES (44, 'Melania', 'Gallo', 5, 'Lidl', 0, 1, 0, 1, 0, 1, 0, 1, 0, 1, 0, 1);
INSERT INTO dbo.leaderboards_user_company (user_id, name, surname, company_id, company_name, total_shares, shares_alltime_rank, total_shared_distance, shared_distance_alltime_rank, weekly_shares, shares_weekly_rank, weekly_shared_distance, shared_distance_weekly_rank, monthly_shares, shares_monthly_rank, monthly_shared_distance, shared_distance_monthly_rank) VALUES (9, 'Samuela', 'Portoghese', 6, 'Lunipaper S.R.L.', 7, 2, 119968, 2, 0, 1, 0, 1, 2, 1, 57048, 1);
INSERT INTO dbo.leaderboards_user_company (user_id, name, surname, company_id, company_name, total_shares, shares_alltime_rank, total_shared_distance, shared_distance_alltime_rank, weekly_shares, shares_weekly_rank, weekly_shared_distance, shared_distance_weekly_rank, monthly_shares, shares_monthly_rank, monthly_shared_distance, shared_distance_monthly_rank) VALUES (5, 'Giacomo', 'Pinto', 6, 'Lunipaper S.R.L.', 8, 1, 209853, 1, 0, 1, 0, 1, 1, 2, 43524, 2);
INSERT INTO dbo.leaderboards_user_company (user_id, name, surname, company_id, company_name, total_shares, shares_alltime_rank, total_shared_distance, shared_distance_alltime_rank, weekly_shares, shares_weekly_rank, weekly_shared_distance, shared_distance_weekly_rank, monthly_shares, shares_monthly_rank, monthly_shared_distance, shared_distance_monthly_rank) VALUES (10, 'Oscar', 'Conti', 6, 'Lunipaper S.R.L.', 0, 3, 0, 3, 0, 1, 0, 1, 0, 3, 0, 3);
INSERT INTO dbo.leaderboards_user_company (user_id, name, surname, company_id, company_name, total_shares, shares_alltime_rank, total_shared_distance, shared_distance_alltime_rank, weekly_shares, shares_weekly_rank, weekly_shared_distance, shared_distance_weekly_rank, monthly_shares, shares_monthly_rank, monthly_shared_distance, shared_distance_monthly_rank) VALUES (42, 'Ferdinando', 'Loggia', 6, 'Lunipaper S.R.L.', 0, 3, 0, 3, 0, 1, 0, 1, 0, 3, 0, 3);
INSERT INTO dbo.leaderboards_user_company (user_id, name, surname, company_id, company_name, total_shares, shares_alltime_rank, total_shared_distance, shared_distance_alltime_rank, weekly_shares, shares_weekly_rank, weekly_shared_distance, shared_distance_weekly_rank, monthly_shares, shares_monthly_rank, monthly_shared_distance, shared_distance_monthly_rank) VALUES (7, 'Francesco', 'Scarpa', 10, 'Penny', 0, 1, 0, 1, 0, 1, 0, 1, 0, 1, 0, 1);
INSERT INTO dbo.leaderboards_user_company (user_id, name, surname, company_id, company_name, total_shares, shares_alltime_rank, total_shared_distance, shared_distance_alltime_rank, weekly_shares, shares_weekly_rank, weekly_shared_distance, shared_distance_weekly_rank, monthly_shares, shares_monthly_rank, monthly_shared_distance, shared_distance_monthly_rank) VALUES (60, 'Ambrogio', 'Sagese', 10, 'Penny', 0, 1, 0, 1, 0, 1, 0, 1, 0, 1, 0, 1);
INSERT INTO dbo.leaderboards_user_company (user_id, name, surname, company_id, company_name, total_shares, shares_alltime_rank, total_shared_distance, shared_distance_alltime_rank, weekly_shares, shares_weekly_rank, weekly_shared_distance, shared_distance_weekly_rank, monthly_shares, shares_monthly_rank, monthly_shared_distance, shared_distance_monthly_rank) VALUES (45, 'Remo', 'Bruno', 11, 'Conad', 0, 1, 0, 1, 0, 1, 0, 1, 0, 1, 0, 1);
INSERT INTO dbo.leaderboards_user_company (user_id, name, surname, company_id, company_name, total_shares, shares_alltime_rank, total_shared_distance, shared_distance_alltime_rank, weekly_shares, shares_weekly_rank, weekly_shared_distance, shared_distance_weekly_rank, monthly_shares, shares_monthly_rank, monthly_shared_distance, shared_distance_monthly_rank) VALUES (8, 'Sabrina', 'Berardi', 12, 'Ipercoop', 0, 1, 0, 1, 0, 1, 0, 1, 0, 1, 0, 1);
INSERT INTO dbo.leaderboards_user_company (user_id, name, surname, company_id, company_name, total_shares, shares_alltime_rank, total_shared_distance, shared_distance_alltime_rank, weekly_shares, shares_weekly_rank, weekly_shared_distance, shared_distance_weekly_rank, monthly_shares, shares_monthly_rank, monthly_shared_distance, shared_distance_monthly_rank) VALUES (54, 'Lodovico', 'Baresi', 12, 'Ipercoop', 0, 1, 0, 1, 0, 1, 0, 1, 0, 1, 0, 1);
INSERT INTO dbo.leaderboards_user_company (user_id, name, surname, company_id, company_name, total_shares, shares_alltime_rank, total_shared_distance, shared_distance_alltime_rank, weekly_shares, shares_weekly_rank, weekly_shared_distance, shared_distance_weekly_rank, monthly_shares, shares_monthly_rank, monthly_shared_distance, shared_distance_monthly_rank) VALUES (58, 'Giuditta', 'Padovesi', 12, 'Ipercoop', 0, 1, 0, 1, 0, 1, 0, 1, 0, 1, 0, 1);
INSERT INTO dbo.leaderboards_user_company (user_id, name, surname, company_id, company_name, total_shares, shares_alltime_rank, total_shared_distance, shared_distance_alltime_rank, weekly_shares, shares_weekly_rank, weekly_shared_distance, shared_distance_weekly_rank, monthly_shares, shares_monthly_rank, monthly_shared_distance, shared_distance_monthly_rank) VALUES (39, 'Viola', 'Lettiere', 13, 'Ospedale Sant''Antonio Abate', 2, 1, 0, 1, 0, 1, 0, 1, 0, 1, 0, 1);
INSERT INTO dbo.leaderboards_user_company (user_id, name, surname, company_id, company_name, total_shares, shares_alltime_rank, total_shared_distance, shared_distance_alltime_rank, weekly_shares, shares_weekly_rank, weekly_shared_distance, shared_distance_weekly_rank, monthly_shares, shares_monthly_rank, monthly_shared_distance, shared_distance_monthly_rank) VALUES (38, 'Melissa', 'Sagese', 13, 'Ospedale Sant''Antonio Abate', 0, 2, 0, 1, 0, 1, 0, 1, 0, 1, 0, 1);
INSERT INTO dbo.leaderboards_user_company (user_id, name, surname, company_id, company_name, total_shares, shares_alltime_rank, total_shared_distance, shared_distance_alltime_rank, weekly_shares, shares_weekly_rank, weekly_shared_distance, shared_distance_weekly_rank, monthly_shares, shares_monthly_rank, monthly_shared_distance, shared_distance_monthly_rank) VALUES (51, 'Elia', 'Trevisan', 14, 'Lunielettronik', 0, 1, 0, 1, 0, 1, 0, 1, 0, 1, 0, 1);
INSERT INTO dbo.leaderboards_user_company (user_id, name, surname, company_id, company_name, total_shares, shares_alltime_rank, total_shared_distance, shared_distance_alltime_rank, weekly_shares, shares_weekly_rank, weekly_shared_distance, shared_distance_weekly_rank, monthly_shares, shares_monthly_rank, monthly_shared_distance, shared_distance_monthly_rank) VALUES (40, 'Gabriele', 'Moretti', 14, 'Lunielettronik', 0, 1, 0, 1, 0, 1, 0, 1, 0, 1, 0, 1);
INSERT INTO dbo.leaderboards_user_company (user_id, name, surname, company_id, company_name, total_shares, shares_alltime_rank, total_shared_distance, shared_distance_alltime_rank, weekly_shares, shares_weekly_rank, weekly_shared_distance, shared_distance_weekly_rank, monthly_shares, shares_monthly_rank, monthly_shared_distance, shared_distance_monthly_rank) VALUES (41, 'Michele', 'Sagese', 14, 'Lunielettronik', 0, 1, 0, 1, 0, 1, 0, 1, 0, 1, 0, 1);
INSERT INTO dbo.leaderboards_user_company (user_id, name, surname, company_id, company_name, total_shares, shares_alltime_rank, total_shared_distance, shared_distance_alltime_rank, weekly_shares, shares_weekly_rank, weekly_shared_distance, shared_distance_weekly_rank, monthly_shares, shares_monthly_rank, monthly_shared_distance, shared_distance_monthly_rank) VALUES (23, 'Marilena', 'Cocci', 14, 'Lunielettronik', 0, 1, 0, 1, 0, 1, 0, 1, 0, 1, 0, 1);
INSERT INTO dbo.leaderboards_user_company (user_id, name, surname, company_id, company_name, total_shares, shares_alltime_rank, total_shared_distance, shared_distance_alltime_rank, weekly_shares, shares_weekly_rank, weekly_shared_distance, shared_distance_weekly_rank, monthly_shares, shares_monthly_rank, monthly_shared_distance, shared_distance_monthly_rank) VALUES (47, 'Benedetta', 'Bellucci', 14, 'Lunielettronik', 0, 1, 0, 1, 0, 1, 0, 1, 0, 1, 0, 1);
INSERT INTO dbo.leaderboards_user_global (user_id, name, surname, company_id, company_name, total_shares, shares_alltime_rank, total_shared_distance, shared_distance_alltime_rank, weekly_shares, shares_weekly_rank, weekly_shared_distance, shared_distance_weekly_rank, monthly_shares, shares_monthly_rank, monthly_shared_distance, shared_distance_monthly_rank) VALUES (3, 'Federico', 'Mastrini', 1, 'Campus UNIPR', 12, 1, 368690, 1, 0, 1, 0, 1, 2, 1, 100572, 1);
INSERT INTO dbo.leaderboards_user_global (user_id, name, surname, company_id, company_name, total_shares, shares_alltime_rank, total_shared_distance, shared_distance_alltime_rank, weekly_shares, shares_weekly_rank, weekly_shared_distance, shared_distance_weekly_rank, monthly_shares, shares_monthly_rank, monthly_shared_distance, shared_distance_monthly_rank) VALUES (9, 'Samuela', 'Portoghese', 6, 'Lunipaper S.R.L.', 7, 3, 119968, 3, 0, 1, 0, 1, 2, 1, 57048, 2);
INSERT INTO dbo.leaderboards_user_global (user_id, name, surname, company_id, company_name, total_shares, shares_alltime_rank, total_shared_distance, shared_distance_alltime_rank, weekly_shares, shares_weekly_rank, weekly_shared_distance, shared_distance_weekly_rank, monthly_shares, shares_monthly_rank, monthly_shared_distance, shared_distance_monthly_rank) VALUES (5, 'Giacomo', 'Pinto', 6, 'Lunipaper S.R.L.', 8, 2, 209853, 2, 0, 1, 0, 1, 1, 3, 43524, 3);
INSERT INTO dbo.leaderboards_user_global (user_id, name, surname, company_id, company_name, total_shares, shares_alltime_rank, total_shared_distance, shared_distance_alltime_rank, weekly_shares, shares_weekly_rank, weekly_shared_distance, shared_distance_weekly_rank, monthly_shares, shares_monthly_rank, monthly_shared_distance, shared_distance_monthly_rank) VALUES (66, 'Anna', 'Bianchi', 1, 'Campus UNIPR', 1, 5, 19476, 4, 0, 1, 0, 1, 0, 4, 0, 4);
INSERT INTO dbo.leaderboards_user_global (user_id, name, surname, company_id, company_name, total_shares, shares_alltime_rank, total_shared_distance, shared_distance_alltime_rank, weekly_shares, shares_weekly_rank, weekly_shared_distance, shared_distance_weekly_rank, monthly_shares, shares_monthly_rank, monthly_shared_distance, shared_distance_monthly_rank) VALUES (67, 'Luca', 'Rossi', 1, 'Campus UNIPR', 1, 5, 19395, 5, 0, 1, 0, 1, 0, 4, 0, 4);
INSERT INTO dbo.leaderboards_user_global (user_id, name, surname, company_id, company_name, total_shares, shares_alltime_rank, total_shared_distance, shared_distance_alltime_rank, weekly_shares, shares_weekly_rank, weekly_shared_distance, shared_distance_weekly_rank, monthly_shares, shares_monthly_rank, monthly_shared_distance, shared_distance_monthly_rank) VALUES (10, 'Oscar', 'Conti', 6, 'Lunipaper S.R.L.', 0, 7, 0, 6, 0, 1, 0, 1, 0, 4, 0, 4);
INSERT INTO dbo.leaderboards_user_global (user_id, name, surname, company_id, company_name, total_shares, shares_alltime_rank, total_shared_distance, shared_distance_alltime_rank, weekly_shares, shares_weekly_rank, weekly_shared_distance, shared_distance_weekly_rank, monthly_shares, shares_monthly_rank, monthly_shared_distance, shared_distance_monthly_rank) VALUES (23, 'Marilena', 'Cocci', 14, 'Lunielettronik', 0, 7, 0, 6, 0, 1, 0, 1, 0, 4, 0, 4);
INSERT INTO dbo.leaderboards_user_global (user_id, name, surname, company_id, company_name, total_shares, shares_alltime_rank, total_shared_distance, shared_distance_alltime_rank, weekly_shares, shares_weekly_rank, weekly_shared_distance, shared_distance_weekly_rank, monthly_shares, shares_monthly_rank, monthly_shared_distance, shared_distance_monthly_rank) VALUES (38, 'Melissa', 'Sagese', 13, 'Ospedale Sant''Antonio Abate', 0, 7, 0, 6, 0, 1, 0, 1, 0, 4, 0, 4);
INSERT INTO dbo.leaderboards_user_global (user_id, name, surname, company_id, company_name, total_shares, shares_alltime_rank, total_shared_distance, shared_distance_alltime_rank, weekly_shares, shares_weekly_rank, weekly_shared_distance, shared_distance_weekly_rank, monthly_shares, shares_monthly_rank, monthly_shared_distance, shared_distance_monthly_rank) VALUES (7, 'Francesco', 'Scarpa', 10, 'Penny', 0, 7, 0, 6, 0, 1, 0, 1, 0, 4, 0, 4);
INSERT INTO dbo.leaderboards_user_global (user_id, name, surname, company_id, company_name, total_shares, shares_alltime_rank, total_shared_distance, shared_distance_alltime_rank, weekly_shares, shares_weekly_rank, weekly_shared_distance, shared_distance_weekly_rank, monthly_shares, shares_monthly_rank, monthly_shared_distance, shared_distance_monthly_rank) VALUES (8, 'Sabrina', 'Berardi', 12, 'Ipercoop', 0, 7, 0, 6, 0, 1, 0, 1, 0, 4, 0, 4);
INSERT INTO dbo.leaderboards_user_global (user_id, name, surname, company_id, company_name, total_shares, shares_alltime_rank, total_shared_distance, shared_distance_alltime_rank, weekly_shares, shares_weekly_rank, weekly_shared_distance, shared_distance_weekly_rank, monthly_shares, shares_monthly_rank, monthly_shared_distance, shared_distance_monthly_rank) VALUES (40, 'Gabriele', 'Moretti', 14, 'Lunielettronik', 0, 7, 0, 6, 0, 1, 0, 1, 0, 4, 0, 4);
INSERT INTO dbo.leaderboards_user_global (user_id, name, surname, company_id, company_name, total_shares, shares_alltime_rank, total_shared_distance, shared_distance_alltime_rank, weekly_shares, shares_weekly_rank, weekly_shared_distance, shared_distance_weekly_rank, monthly_shares, shares_monthly_rank, monthly_shared_distance, shared_distance_monthly_rank) VALUES (41, 'Michele', 'Sagese', 14, 'Lunielettronik', 0, 7, 0, 6, 0, 1, 0, 1, 0, 4, 0, 4);
INSERT INTO dbo.leaderboards_user_global (user_id, name, surname, company_id, company_name, total_shares, shares_alltime_rank, total_shared_distance, shared_distance_alltime_rank, weekly_shares, shares_weekly_rank, weekly_shared_distance, shared_distance_weekly_rank, monthly_shares, shares_monthly_rank, monthly_shared_distance, shared_distance_monthly_rank) VALUES (42, 'Ferdinando', 'Loggia', 6, 'Lunipaper S.R.L.', 0, 7, 0, 6, 0, 1, 0, 1, 0, 4, 0, 4);
INSERT INTO dbo.leaderboards_user_global (user_id, name, surname, company_id, company_name, total_shares, shares_alltime_rank, total_shared_distance, shared_distance_alltime_rank, weekly_shares, shares_weekly_rank, weekly_shared_distance, shared_distance_weekly_rank, monthly_shares, shares_monthly_rank, monthly_shared_distance, shared_distance_monthly_rank) VALUES (43, 'Adamo', 'De Luca', 5, 'Lidl', 0, 7, 0, 6, 0, 1, 0, 1, 0, 4, 0, 4);
INSERT INTO dbo.leaderboards_user_global (user_id, name, surname, company_id, company_name, total_shares, shares_alltime_rank, total_shared_distance, shared_distance_alltime_rank, weekly_shares, shares_weekly_rank, weekly_shared_distance, shared_distance_weekly_rank, monthly_shares, shares_monthly_rank, monthly_shared_distance, shared_distance_monthly_rank) VALUES (44, 'Melania', 'Gallo', 5, 'Lidl', 0, 7, 0, 6, 0, 1, 0, 1, 0, 4, 0, 4);
INSERT INTO dbo.leaderboards_user_global (user_id, name, surname, company_id, company_name, total_shares, shares_alltime_rank, total_shared_distance, shared_distance_alltime_rank, weekly_shares, shares_weekly_rank, weekly_shared_distance, shared_distance_weekly_rank, monthly_shares, shares_monthly_rank, monthly_shared_distance, shared_distance_monthly_rank) VALUES (45, 'Remo', 'Bruno', 11, 'Conad', 0, 7, 0, 6, 0, 1, 0, 1, 0, 4, 0, 4);
INSERT INTO dbo.leaderboards_user_global (user_id, name, surname, company_id, company_name, total_shares, shares_alltime_rank, total_shared_distance, shared_distance_alltime_rank, weekly_shares, shares_weekly_rank, weekly_shared_distance, shared_distance_weekly_rank, monthly_shares, shares_monthly_rank, monthly_shared_distance, shared_distance_monthly_rank) VALUES (46, 'Tamara', 'Lucchesi', 5, 'Lidl', 0, 7, 0, 6, 0, 1, 0, 1, 0, 4, 0, 4);
INSERT INTO dbo.leaderboards_user_global (user_id, name, surname, company_id, company_name, total_shares, shares_alltime_rank, total_shared_distance, shared_distance_alltime_rank, weekly_shares, shares_weekly_rank, weekly_shared_distance, shared_distance_weekly_rank, monthly_shares, shares_monthly_rank, monthly_shared_distance, shared_distance_monthly_rank) VALUES (47, 'Benedetta', 'Bellucci', 14, 'Lunielettronik', 0, 7, 0, 6, 0, 1, 0, 1, 0, 4, 0, 4);
INSERT INTO dbo.leaderboards_user_global (user_id, name, surname, company_id, company_name, total_shares, shares_alltime_rank, total_shared_distance, shared_distance_alltime_rank, weekly_shares, shares_weekly_rank, weekly_shared_distance, shared_distance_weekly_rank, monthly_shares, shares_monthly_rank, monthly_shared_distance, shared_distance_monthly_rank) VALUES (48, 'Delfio', 'Dellucci', 3, 'Oto Melara Spa', 0, 7, 0, 6, 0, 1, 0, 1, 0, 4, 0, 4);
INSERT INTO dbo.leaderboards_user_global (user_id, name, surname, company_id, company_name, total_shares, shares_alltime_rank, total_shared_distance, shared_distance_alltime_rank, weekly_shares, shares_weekly_rank, weekly_shared_distance, shared_distance_weekly_rank, monthly_shares, shares_monthly_rank, monthly_shared_distance, shared_distance_monthly_rank) VALUES (49, 'Armando', 'De Luca', 3, 'Oto Melara Spa', 0, 7, 0, 6, 0, 1, 0, 1, 0, 4, 0, 4);
INSERT INTO dbo.leaderboards_user_global (user_id, name, surname, company_id, company_name, total_shares, shares_alltime_rank, total_shared_distance, shared_distance_alltime_rank, weekly_shares, shares_weekly_rank, weekly_shared_distance, shared_distance_weekly_rank, monthly_shares, shares_monthly_rank, monthly_shared_distance, shared_distance_monthly_rank) VALUES (50, 'Carisio', 'Genovesi', 4, 'Conad Superstore', 0, 7, 0, 6, 0, 1, 0, 1, 0, 4, 0, 4);
INSERT INTO dbo.leaderboards_user_global (user_id, name, surname, company_id, company_name, total_shares, shares_alltime_rank, total_shared_distance, shared_distance_alltime_rank, weekly_shares, shares_weekly_rank, weekly_shared_distance, shared_distance_weekly_rank, monthly_shares, shares_monthly_rank, monthly_shared_distance, shared_distance_monthly_rank) VALUES (51, 'Elia', 'Trevisan', 14, 'Lunielettronik', 0, 7, 0, 6, 0, 1, 0, 1, 0, 4, 0, 4);
INSERT INTO dbo.leaderboards_user_global (user_id, name, surname, company_id, company_name, total_shares, shares_alltime_rank, total_shared_distance, shared_distance_alltime_rank, weekly_shares, shares_weekly_rank, weekly_shared_distance, shared_distance_weekly_rank, monthly_shares, shares_monthly_rank, monthly_shared_distance, shared_distance_monthly_rank) VALUES (52, 'Liviano', 'Bergamaschi', 4, 'Conad Superstore', 0, 7, 0, 6, 0, 1, 0, 1, 0, 4, 0, 4);
INSERT INTO dbo.leaderboards_user_global (user_id, name, surname, company_id, company_name, total_shares, shares_alltime_rank, total_shared_distance, shared_distance_alltime_rank, weekly_shares, shares_weekly_rank, weekly_shared_distance, shared_distance_weekly_rank, monthly_shares, shares_monthly_rank, monthly_shared_distance, shared_distance_monthly_rank) VALUES (53, 'Quadrato', 'Esposito', 4, 'Conad Superstore', 0, 7, 0, 6, 0, 1, 0, 1, 0, 4, 0, 4);
INSERT INTO dbo.leaderboards_user_global (user_id, name, surname, company_id, company_name, total_shares, shares_alltime_rank, total_shared_distance, shared_distance_alltime_rank, weekly_shares, shares_weekly_rank, weekly_shared_distance, shared_distance_weekly_rank, monthly_shares, shares_monthly_rank, monthly_shared_distance, shared_distance_monthly_rank) VALUES (54, 'Lodovico', 'Baresi', 12, 'Ipercoop', 0, 7, 0, 6, 0, 1, 0, 1, 0, 4, 0, 4);
INSERT INTO dbo.leaderboards_user_global (user_id, name, surname, company_id, company_name, total_shares, shares_alltime_rank, total_shared_distance, shared_distance_alltime_rank, weekly_shares, shares_weekly_rank, weekly_shared_distance, shared_distance_weekly_rank, monthly_shares, shares_monthly_rank, monthly_shared_distance, shared_distance_monthly_rank) VALUES (55, 'Bellino', 'Trevisano', 3, 'Oto Melara Spa', 0, 7, 0, 6, 0, 1, 0, 1, 0, 4, 0, 4);
INSERT INTO dbo.leaderboards_user_global (user_id, name, surname, company_id, company_name, total_shares, shares_alltime_rank, total_shared_distance, shared_distance_alltime_rank, weekly_shares, shares_weekly_rank, weekly_shared_distance, shared_distance_weekly_rank, monthly_shares, shares_monthly_rank, monthly_shared_distance, shared_distance_monthly_rank) VALUES (56, 'Vincenzo', 'Romani', 3, 'Oto Melara Spa', 0, 7, 0, 6, 0, 1, 0, 1, 0, 4, 0, 4);
INSERT INTO dbo.leaderboards_user_global (user_id, name, surname, company_id, company_name, total_shares, shares_alltime_rank, total_shared_distance, shared_distance_alltime_rank, weekly_shares, shares_weekly_rank, weekly_shared_distance, shared_distance_weekly_rank, monthly_shares, shares_monthly_rank, monthly_shared_distance, shared_distance_monthly_rank) VALUES (57, 'Alfonso', 'Buccho', 3, 'Oto Melara Spa', 0, 7, 0, 6, 0, 1, 0, 1, 0, 4, 0, 4);
INSERT INTO dbo.leaderboards_user_global (user_id, name, surname, company_id, company_name, total_shares, shares_alltime_rank, total_shared_distance, shared_distance_alltime_rank, weekly_shares, shares_weekly_rank, weekly_shared_distance, shared_distance_weekly_rank, monthly_shares, shares_monthly_rank, monthly_shared_distance, shared_distance_monthly_rank) VALUES (58, 'Giuditta', 'Padovesi', 12, 'Ipercoop', 0, 7, 0, 6, 0, 1, 0, 1, 0, 4, 0, 4);
INSERT INTO dbo.leaderboards_user_global (user_id, name, surname, company_id, company_name, total_shares, shares_alltime_rank, total_shared_distance, shared_distance_alltime_rank, weekly_shares, shares_weekly_rank, weekly_shared_distance, shared_distance_weekly_rank, monthly_shares, shares_monthly_rank, monthly_shared_distance, shared_distance_monthly_rank) VALUES (59, 'Cupido', 'Ricci', 3, 'Oto Melara Spa', 0, 7, 0, 6, 0, 1, 0, 1, 0, 4, 0, 4);
INSERT INTO dbo.leaderboards_user_global (user_id, name, surname, company_id, company_name, total_shares, shares_alltime_rank, total_shared_distance, shared_distance_alltime_rank, weekly_shares, shares_weekly_rank, weekly_shared_distance, shared_distance_weekly_rank, monthly_shares, shares_monthly_rank, monthly_shared_distance, shared_distance_monthly_rank) VALUES (60, 'Ambrogio', 'Sagese', 10, 'Penny', 0, 7, 0, 6, 0, 1, 0, 1, 0, 4, 0, 4);
INSERT INTO dbo.leaderboards_user_global (user_id, name, surname, company_id, company_name, total_shares, shares_alltime_rank, total_shared_distance, shared_distance_alltime_rank, weekly_shares, shares_weekly_rank, weekly_shared_distance, shared_distance_weekly_rank, monthly_shares, shares_monthly_rank, monthly_shared_distance, shared_distance_monthly_rank) VALUES (61, 'Agostina', 'Udinesi', 1, 'Campus UNIPR', 0, 7, 0, 6, 0, 1, 0, 1, 0, 4, 0, 4);
INSERT INTO dbo.leaderboards_user_global (user_id, name, surname, company_id, company_name, total_shares, shares_alltime_rank, total_shared_distance, shared_distance_alltime_rank, weekly_shares, shares_weekly_rank, weekly_shared_distance, shared_distance_weekly_rank, monthly_shares, shares_monthly_rank, monthly_shared_distance, shared_distance_monthly_rank) VALUES (64, 'Giovanni', 'Cocci', 1, 'Campus UNIPR', 0, 7, 0, 6, 0, 1, 0, 1, 0, 4, 0, 4);
INSERT INTO dbo.leaderboards_user_global (user_id, name, surname, company_id, company_name, total_shares, shares_alltime_rank, total_shared_distance, shared_distance_alltime_rank, weekly_shares, shares_weekly_rank, weekly_shared_distance, shared_distance_weekly_rank, monthly_shares, shares_monthly_rank, monthly_shared_distance, shared_distance_monthly_rank) VALUES (39, 'Viola', 'Lettiere', 13, 'Ospedale Sant''Antonio Abate', 2, 4, 0, 6, 0, 1, 0, 1, 0, 4, 0, 4);
INSERT INTO dbo.user_longest_share (user_id, longest_share) VALUES (3, 119210);
INSERT INTO dbo.user_longest_share (user_id, longest_share) VALUES (5, 119210);
INSERT INTO dbo.user_longest_share (user_id, longest_share) VALUES (7, 0);
INSERT INTO dbo.user_longest_share (user_id, longest_share) VALUES (8, 0);
INSERT INTO dbo.user_longest_share (user_id, longest_share) VALUES (9, 43524);
INSERT INTO dbo.user_longest_share (user_id, longest_share) VALUES (10, 0);
INSERT INTO dbo.user_longest_share (user_id, longest_share) VALUES (23, 0);
INSERT INTO dbo.user_longest_share (user_id, longest_share) VALUES (38, 0);
INSERT INTO dbo.user_longest_share (user_id, longest_share) VALUES (39, 0);
INSERT INTO dbo.user_longest_share (user_id, longest_share) VALUES (40, 0);
INSERT INTO dbo.user_longest_share (user_id, longest_share) VALUES (41, 0);
INSERT INTO dbo.user_longest_share (user_id, longest_share) VALUES (42, 0);
INSERT INTO dbo.user_longest_share (user_id, longest_share) VALUES (43, 0);
INSERT INTO dbo.user_longest_share (user_id, longest_share) VALUES (44, 0);
INSERT INTO dbo.user_longest_share (user_id, longest_share) VALUES (45, 0);
INSERT INTO dbo.user_longest_share (user_id, longest_share) VALUES (46, 0);
INSERT INTO dbo.user_longest_share (user_id, longest_share) VALUES (47, 0);
INSERT INTO dbo.user_longest_share (user_id, longest_share) VALUES (48, 0);
INSERT INTO dbo.user_longest_share (user_id, longest_share) VALUES (49, 0);
INSERT INTO dbo.user_longest_share (user_id, longest_share) VALUES (50, 0);
INSERT INTO dbo.user_longest_share (user_id, longest_share) VALUES (51, 0);
INSERT INTO dbo.user_longest_share (user_id, longest_share) VALUES (52, 0);
INSERT INTO dbo.user_longest_share (user_id, longest_share) VALUES (53, 0);
INSERT INTO dbo.user_longest_share (user_id, longest_share) VALUES (54, 0);
INSERT INTO dbo.user_longest_share (user_id, longest_share) VALUES (55, 0);
INSERT INTO dbo.user_longest_share (user_id, longest_share) VALUES (56, 0);
INSERT INTO dbo.user_longest_share (user_id, longest_share) VALUES (57, 0);
INSERT INTO dbo.user_longest_share (user_id, longest_share) VALUES (58, 0);
INSERT INTO dbo.user_longest_share (user_id, longest_share) VALUES (59, 0);
INSERT INTO dbo.user_longest_share (user_id, longest_share) VALUES (60, 0);
INSERT INTO dbo.user_longest_share (user_id, longest_share) VALUES (61, 0);
INSERT INTO dbo.user_longest_share (user_id, longest_share) VALUES (64, 0);
INSERT INTO dbo.user_longest_share (user_id, longest_share) VALUES (66, 19476);
INSERT INTO dbo.user_longest_share (user_id, longest_share) VALUES (67, 19395);
INSERT INTO dbo.user_monthly_shared_distance (user_id, name, surname, company_id, month_shared_distance) VALUES (3, 'Federico', 'Mastrini', 1, 100572);
INSERT INTO dbo.user_monthly_shared_distance (user_id, name, surname, company_id, month_shared_distance) VALUES (5, 'Giacomo', 'Pinto', 6, 43524);
INSERT INTO dbo.user_monthly_shared_distance (user_id, name, surname, company_id, month_shared_distance) VALUES (7, 'Francesco', 'Scarpa', 10, 0);
INSERT INTO dbo.user_monthly_shared_distance (user_id, name, surname, company_id, month_shared_distance) VALUES (8, 'Sabrina', 'Berardi', 12, 0);
INSERT INTO dbo.user_monthly_shared_distance (user_id, name, surname, company_id, month_shared_distance) VALUES (9, 'Samuela', 'Portoghese', 6, 57048);
INSERT INTO dbo.user_monthly_shared_distance (user_id, name, surname, company_id, month_shared_distance) VALUES (10, 'Oscar', 'Conti', 6, 0);
INSERT INTO dbo.user_monthly_shared_distance (user_id, name, surname, company_id, month_shared_distance) VALUES (23, 'Marilena', 'Cocci', 14, 0);
INSERT INTO dbo.user_monthly_shared_distance (user_id, name, surname, company_id, month_shared_distance) VALUES (38, 'Melissa', 'Sagese', 13, 0);
INSERT INTO dbo.user_monthly_shared_distance (user_id, name, surname, company_id, month_shared_distance) VALUES (39, 'Viola', 'Lettiere', 13, 0);
INSERT INTO dbo.user_monthly_shared_distance (user_id, name, surname, company_id, month_shared_distance) VALUES (40, 'Gabriele', 'Moretti', 14, 0);
INSERT INTO dbo.user_monthly_shared_distance (user_id, name, surname, company_id, month_shared_distance) VALUES (41, 'Michele', 'Sagese', 14, 0);
INSERT INTO dbo.user_monthly_shared_distance (user_id, name, surname, company_id, month_shared_distance) VALUES (42, 'Ferdinando', 'Loggia', 6, 0);
INSERT INTO dbo.user_monthly_shared_distance (user_id, name, surname, company_id, month_shared_distance) VALUES (43, 'Adamo', 'De Luca', 5, 0);
INSERT INTO dbo.user_monthly_shared_distance (user_id, name, surname, company_id, month_shared_distance) VALUES (44, 'Melania', 'Gallo', 5, 0);
INSERT INTO dbo.user_monthly_shared_distance (user_id, name, surname, company_id, month_shared_distance) VALUES (45, 'Remo', 'Bruno', 11, 0);
INSERT INTO dbo.user_monthly_shared_distance (user_id, name, surname, company_id, month_shared_distance) VALUES (46, 'Tamara', 'Lucchesi', 5, 0);
INSERT INTO dbo.user_monthly_shared_distance (user_id, name, surname, company_id, month_shared_distance) VALUES (47, 'Benedetta', 'Bellucci', 14, 0);
INSERT INTO dbo.user_monthly_shared_distance (user_id, name, surname, company_id, month_shared_distance) VALUES (48, 'Delfio', 'Dellucci', 3, 0);
INSERT INTO dbo.user_monthly_shared_distance (user_id, name, surname, company_id, month_shared_distance) VALUES (49, 'Armando', 'De Luca', 3, 0);
INSERT INTO dbo.user_monthly_shared_distance (user_id, name, surname, company_id, month_shared_distance) VALUES (50, 'Carisio', 'Genovesi', 4, 0);
INSERT INTO dbo.user_monthly_shared_distance (user_id, name, surname, company_id, month_shared_distance) VALUES (51, 'Elia', 'Trevisan', 14, 0);
INSERT INTO dbo.user_monthly_shared_distance (user_id, name, surname, company_id, month_shared_distance) VALUES (52, 'Liviano', 'Bergamaschi', 4, 0);
INSERT INTO dbo.user_monthly_shared_distance (user_id, name, surname, company_id, month_shared_distance) VALUES (53, 'Quadrato', 'Esposito', 4, 0);
INSERT INTO dbo.user_monthly_shared_distance (user_id, name, surname, company_id, month_shared_distance) VALUES (54, 'Lodovico', 'Baresi', 12, 0);
INSERT INTO dbo.user_monthly_shared_distance (user_id, name, surname, company_id, month_shared_distance) VALUES (55, 'Bellino', 'Trevisano', 3, 0);
INSERT INTO dbo.user_monthly_shared_distance (user_id, name, surname, company_id, month_shared_distance) VALUES (56, 'Vincenzo', 'Romani', 3, 0);
INSERT INTO dbo.user_monthly_shared_distance (user_id, name, surname, company_id, month_shared_distance) VALUES (57, 'Alfonso', 'Buccho', 3, 0);
INSERT INTO dbo.user_monthly_shared_distance (user_id, name, surname, company_id, month_shared_distance) VALUES (58, 'Giuditta', 'Padovesi', 12, 0);
INSERT INTO dbo.user_monthly_shared_distance (user_id, name, surname, company_id, month_shared_distance) VALUES (59, 'Cupido', 'Ricci', 3, 0);
INSERT INTO dbo.user_monthly_shared_distance (user_id, name, surname, company_id, month_shared_distance) VALUES (60, 'Ambrogio', 'Sagese', 10, 0);
INSERT INTO dbo.user_monthly_shared_distance (user_id, name, surname, company_id, month_shared_distance) VALUES (61, 'Agostina', 'Udinesi', 1, 0);
INSERT INTO dbo.user_monthly_shared_distance (user_id, name, surname, company_id, month_shared_distance) VALUES (64, 'Giovanni', 'Cocci', 1, 0);
INSERT INTO dbo.user_monthly_shared_distance (user_id, name, surname, company_id, month_shared_distance) VALUES (66, 'Anna', 'Bianchi', 1, 0);
INSERT INTO dbo.user_monthly_shared_distance (user_id, name, surname, company_id, month_shared_distance) VALUES (67, 'Luca', 'Rossi', 1, 0);
INSERT INTO dbo.user_monthly_shared_distance_avg (user_id, name, surname, company_id, month_shared_distance_avg) VALUES (3, 'Federico', 'Mastrini', 1, 0);
INSERT INTO dbo.user_monthly_shared_distance_avg (user_id, name, surname, company_id, month_shared_distance_avg) VALUES (5, 'Giacomo', 'Pinto', 6, 0);
INSERT INTO dbo.user_monthly_shared_distance_avg (user_id, name, surname, company_id, month_shared_distance_avg) VALUES (7, 'Francesco', 'Scarpa', 10, 0);
INSERT INTO dbo.user_monthly_shared_distance_avg (user_id, name, surname, company_id, month_shared_distance_avg) VALUES (8, 'Sabrina', 'Berardi', 12, 0);
INSERT INTO dbo.user_monthly_shared_distance_avg (user_id, name, surname, company_id, month_shared_distance_avg) VALUES (9, 'Samuela', 'Portoghese', 6, 0);
INSERT INTO dbo.user_monthly_shared_distance_avg (user_id, name, surname, company_id, month_shared_distance_avg) VALUES (10, 'Oscar', 'Conti', 6, 0);
INSERT INTO dbo.user_monthly_shared_distance_avg (user_id, name, surname, company_id, month_shared_distance_avg) VALUES (23, 'Marilena', 'Cocci', 14, 0);
INSERT INTO dbo.user_monthly_shared_distance_avg (user_id, name, surname, company_id, month_shared_distance_avg) VALUES (38, 'Melissa', 'Sagese', 13, 0);
INSERT INTO dbo.user_monthly_shared_distance_avg (user_id, name, surname, company_id, month_shared_distance_avg) VALUES (39, 'Viola', 'Lettiere', 13, 0);
INSERT INTO dbo.user_monthly_shared_distance_avg (user_id, name, surname, company_id, month_shared_distance_avg) VALUES (40, 'Gabriele', 'Moretti', 14, 0);
INSERT INTO dbo.user_monthly_shared_distance_avg (user_id, name, surname, company_id, month_shared_distance_avg) VALUES (41, 'Michele', 'Sagese', 14, 0);
INSERT INTO dbo.user_monthly_shared_distance_avg (user_id, name, surname, company_id, month_shared_distance_avg) VALUES (42, 'Ferdinando', 'Loggia', 6, 0);
INSERT INTO dbo.user_monthly_shared_distance_avg (user_id, name, surname, company_id, month_shared_distance_avg) VALUES (43, 'Adamo', 'De Luca', 5, 0);
INSERT INTO dbo.user_monthly_shared_distance_avg (user_id, name, surname, company_id, month_shared_distance_avg) VALUES (44, 'Melania', 'Gallo', 5, 0);
INSERT INTO dbo.user_monthly_shared_distance_avg (user_id, name, surname, company_id, month_shared_distance_avg) VALUES (45, 'Remo', 'Bruno', 11, 0);
INSERT INTO dbo.user_monthly_shared_distance_avg (user_id, name, surname, company_id, month_shared_distance_avg) VALUES (46, 'Tamara', 'Lucchesi', 5, 0);
INSERT INTO dbo.user_monthly_shared_distance_avg (user_id, name, surname, company_id, month_shared_distance_avg) VALUES (47, 'Benedetta', 'Bellucci', 14, 0);
INSERT INTO dbo.user_monthly_shared_distance_avg (user_id, name, surname, company_id, month_shared_distance_avg) VALUES (48, 'Delfio', 'Dellucci', 3, 0);
INSERT INTO dbo.user_monthly_shared_distance_avg (user_id, name, surname, company_id, month_shared_distance_avg) VALUES (49, 'Armando', 'De Luca', 3, 0);
INSERT INTO dbo.user_monthly_shared_distance_avg (user_id, name, surname, company_id, month_shared_distance_avg) VALUES (50, 'Carisio', 'Genovesi', 4, 0);
INSERT INTO dbo.user_monthly_shared_distance_avg (user_id, name, surname, company_id, month_shared_distance_avg) VALUES (51, 'Elia', 'Trevisan', 14, 0);
INSERT INTO dbo.user_monthly_shared_distance_avg (user_id, name, surname, company_id, month_shared_distance_avg) VALUES (52, 'Liviano', 'Bergamaschi', 4, 0);
INSERT INTO dbo.user_monthly_shared_distance_avg (user_id, name, surname, company_id, month_shared_distance_avg) VALUES (53, 'Quadrato', 'Esposito', 4, 0);
INSERT INTO dbo.user_monthly_shared_distance_avg (user_id, name, surname, company_id, month_shared_distance_avg) VALUES (54, 'Lodovico', 'Baresi', 12, 0);
INSERT INTO dbo.user_monthly_shared_distance_avg (user_id, name, surname, company_id, month_shared_distance_avg) VALUES (55, 'Bellino', 'Trevisano', 3, 0);
INSERT INTO dbo.user_monthly_shared_distance_avg (user_id, name, surname, company_id, month_shared_distance_avg) VALUES (56, 'Vincenzo', 'Romani', 3, 0);
INSERT INTO dbo.user_monthly_shared_distance_avg (user_id, name, surname, company_id, month_shared_distance_avg) VALUES (57, 'Alfonso', 'Buccho', 3, 0);
INSERT INTO dbo.user_monthly_shared_distance_avg (user_id, name, surname, company_id, month_shared_distance_avg) VALUES (58, 'Giuditta', 'Padovesi', 12, 0);
INSERT INTO dbo.user_monthly_shared_distance_avg (user_id, name, surname, company_id, month_shared_distance_avg) VALUES (59, 'Cupido', 'Ricci', 3, 0);
INSERT INTO dbo.user_monthly_shared_distance_avg (user_id, name, surname, company_id, month_shared_distance_avg) VALUES (60, 'Ambrogio', 'Sagese', 10, 0);
INSERT INTO dbo.user_monthly_shared_distance_avg (user_id, name, surname, company_id, month_shared_distance_avg) VALUES (61, 'Agostina', 'Udinesi', 1, 0);
INSERT INTO dbo.user_monthly_shared_distance_avg (user_id, name, surname, company_id, month_shared_distance_avg) VALUES (64, 'Giovanni', 'Cocci', 1, 0);
INSERT INTO dbo.user_monthly_shared_distance_avg (user_id, name, surname, company_id, month_shared_distance_avg) VALUES (66, 'Anna', 'Bianchi', 1, 0);
INSERT INTO dbo.user_monthly_shared_distance_avg (user_id, name, surname, company_id, month_shared_distance_avg) VALUES (67, 'Luca', 'Rossi', 1, 0);
INSERT INTO dbo.user_monthly_shares (user_id, name, surname, company_id, month_shares) VALUES (3, 'Federico', 'Mastrini', 1, 2);
INSERT INTO dbo.user_monthly_shares (user_id, name, surname, company_id, month_shares) VALUES (5, 'Giacomo', 'Pinto', 6, 1);
INSERT INTO dbo.user_monthly_shares (user_id, name, surname, company_id, month_shares) VALUES (7, 'Francesco', 'Scarpa', 10, 0);
INSERT INTO dbo.user_monthly_shares (user_id, name, surname, company_id, month_shares) VALUES (8, 'Sabrina', 'Berardi', 12, 0);
INSERT INTO dbo.user_monthly_shares (user_id, name, surname, company_id, month_shares) VALUES (9, 'Samuela', 'Portoghese', 6, 2);
INSERT INTO dbo.user_monthly_shares (user_id, name, surname, company_id, month_shares) VALUES (10, 'Oscar', 'Conti', 6, 0);
INSERT INTO dbo.user_monthly_shares (user_id, name, surname, company_id, month_shares) VALUES (23, 'Marilena', 'Cocci', 14, 0);
INSERT INTO dbo.user_monthly_shares (user_id, name, surname, company_id, month_shares) VALUES (38, 'Melissa', 'Sagese', 13, 0);
INSERT INTO dbo.user_monthly_shares (user_id, name, surname, company_id, month_shares) VALUES (39, 'Viola', 'Lettiere', 13, 0);
INSERT INTO dbo.user_monthly_shares (user_id, name, surname, company_id, month_shares) VALUES (40, 'Gabriele', 'Moretti', 14, 0);
INSERT INTO dbo.user_monthly_shares (user_id, name, surname, company_id, month_shares) VALUES (41, 'Michele', 'Sagese', 14, 0);
INSERT INTO dbo.user_monthly_shares (user_id, name, surname, company_id, month_shares) VALUES (42, 'Ferdinando', 'Loggia', 6, 0);
INSERT INTO dbo.user_monthly_shares (user_id, name, surname, company_id, month_shares) VALUES (43, 'Adamo', 'De Luca', 5, 0);
INSERT INTO dbo.user_monthly_shares (user_id, name, surname, company_id, month_shares) VALUES (44, 'Melania', 'Gallo', 5, 0);
INSERT INTO dbo.user_monthly_shares (user_id, name, surname, company_id, month_shares) VALUES (45, 'Remo', 'Bruno', 11, 0);
INSERT INTO dbo.user_monthly_shares (user_id, name, surname, company_id, month_shares) VALUES (46, 'Tamara', 'Lucchesi', 5, 0);
INSERT INTO dbo.user_monthly_shares (user_id, name, surname, company_id, month_shares) VALUES (47, 'Benedetta', 'Bellucci', 14, 0);
INSERT INTO dbo.user_monthly_shares (user_id, name, surname, company_id, month_shares) VALUES (48, 'Delfio', 'Dellucci', 3, 0);
INSERT INTO dbo.user_monthly_shares (user_id, name, surname, company_id, month_shares) VALUES (49, 'Armando', 'De Luca', 3, 0);
INSERT INTO dbo.user_monthly_shares (user_id, name, surname, company_id, month_shares) VALUES (50, 'Carisio', 'Genovesi', 4, 0);
INSERT INTO dbo.user_monthly_shares (user_id, name, surname, company_id, month_shares) VALUES (51, 'Elia', 'Trevisan', 14, 0);
INSERT INTO dbo.user_monthly_shares (user_id, name, surname, company_id, month_shares) VALUES (52, 'Liviano', 'Bergamaschi', 4, 0);
INSERT INTO dbo.user_monthly_shares (user_id, name, surname, company_id, month_shares) VALUES (53, 'Quadrato', 'Esposito', 4, 0);
INSERT INTO dbo.user_monthly_shares (user_id, name, surname, company_id, month_shares) VALUES (54, 'Lodovico', 'Baresi', 12, 0);
INSERT INTO dbo.user_monthly_shares (user_id, name, surname, company_id, month_shares) VALUES (55, 'Bellino', 'Trevisano', 3, 0);
INSERT INTO dbo.user_monthly_shares (user_id, name, surname, company_id, month_shares) VALUES (56, 'Vincenzo', 'Romani', 3, 0);
INSERT INTO dbo.user_monthly_shares (user_id, name, surname, company_id, month_shares) VALUES (57, 'Alfonso', 'Buccho', 3, 0);
INSERT INTO dbo.user_monthly_shares (user_id, name, surname, company_id, month_shares) VALUES (58, 'Giuditta', 'Padovesi', 12, 0);
INSERT INTO dbo.user_monthly_shares (user_id, name, surname, company_id, month_shares) VALUES (59, 'Cupido', 'Ricci', 3, 0);
INSERT INTO dbo.user_monthly_shares (user_id, name, surname, company_id, month_shares) VALUES (60, 'Ambrogio', 'Sagese', 10, 0);
INSERT INTO dbo.user_monthly_shares (user_id, name, surname, company_id, month_shares) VALUES (61, 'Agostina', 'Udinesi', 1, 0);
INSERT INTO dbo.user_monthly_shares (user_id, name, surname, company_id, month_shares) VALUES (64, 'Giovanni', 'Cocci', 1, 0);
INSERT INTO dbo.user_monthly_shares (user_id, name, surname, company_id, month_shares) VALUES (66, 'Anna', 'Bianchi', 1, 0);
INSERT INTO dbo.user_monthly_shares (user_id, name, surname, company_id, month_shares) VALUES (67, 'Luca', 'Rossi', 1, 0);
INSERT INTO dbo.user_monthly_shares_avg (user_id, name, surname, company_id, shares_avg) VALUES (3, 'Federico', 'Mastrini', 1, 0);
INSERT INTO dbo.user_monthly_shares_avg (user_id, name, surname, company_id, shares_avg) VALUES (5, 'Giacomo', 'Pinto', 6, 0.5);
INSERT INTO dbo.user_monthly_shares_avg (user_id, name, surname, company_id, shares_avg) VALUES (7, 'Francesco', 'Scarpa', 10, 0);
INSERT INTO dbo.user_monthly_shares_avg (user_id, name, surname, company_id, shares_avg) VALUES (8, 'Sabrina', 'Berardi', 12, 0);
INSERT INTO dbo.user_monthly_shares_avg (user_id, name, surname, company_id, shares_avg) VALUES (9, 'Samuela', 'Portoghese', 6, 0);
INSERT INTO dbo.user_monthly_shares_avg (user_id, name, surname, company_id, shares_avg) VALUES (10, 'Oscar', 'Conti', 6, 0);
INSERT INTO dbo.user_monthly_shares_avg (user_id, name, surname, company_id, shares_avg) VALUES (23, 'Marilena', 'Cocci', 14, 0);
INSERT INTO dbo.user_monthly_shares_avg (user_id, name, surname, company_id, shares_avg) VALUES (38, 'Melissa', 'Sagese', 13, 0);
INSERT INTO dbo.user_monthly_shares_avg (user_id, name, surname, company_id, shares_avg) VALUES (39, 'Viola', 'Lettiere', 13, 0);
INSERT INTO dbo.user_monthly_shares_avg (user_id, name, surname, company_id, shares_avg) VALUES (40, 'Gabriele', 'Moretti', 14, 0);
INSERT INTO dbo.user_monthly_shares_avg (user_id, name, surname, company_id, shares_avg) VALUES (41, 'Michele', 'Sagese', 14, 0);
INSERT INTO dbo.user_monthly_shares_avg (user_id, name, surname, company_id, shares_avg) VALUES (42, 'Ferdinando', 'Loggia', 6, 0);
INSERT INTO dbo.user_monthly_shares_avg (user_id, name, surname, company_id, shares_avg) VALUES (43, 'Adamo', 'De Luca', 5, 0);
INSERT INTO dbo.user_monthly_shares_avg (user_id, name, surname, company_id, shares_avg) VALUES (44, 'Melania', 'Gallo', 5, 0);
INSERT INTO dbo.user_monthly_shares_avg (user_id, name, surname, company_id, shares_avg) VALUES (45, 'Remo', 'Bruno', 11, 0);
INSERT INTO dbo.user_monthly_shares_avg (user_id, name, surname, company_id, shares_avg) VALUES (46, 'Tamara', 'Lucchesi', 5, 0);
INSERT INTO dbo.user_monthly_shares_avg (user_id, name, surname, company_id, shares_avg) VALUES (47, 'Benedetta', 'Bellucci', 14, 0);
INSERT INTO dbo.user_monthly_shares_avg (user_id, name, surname, company_id, shares_avg) VALUES (48, 'Delfio', 'Dellucci', 3, 0);
INSERT INTO dbo.user_monthly_shares_avg (user_id, name, surname, company_id, shares_avg) VALUES (49, 'Armando', 'De Luca', 3, 0);
INSERT INTO dbo.user_monthly_shares_avg (user_id, name, surname, company_id, shares_avg) VALUES (50, 'Carisio', 'Genovesi', 4, 0);
INSERT INTO dbo.user_monthly_shares_avg (user_id, name, surname, company_id, shares_avg) VALUES (51, 'Elia', 'Trevisan', 14, 0);
INSERT INTO dbo.user_monthly_shares_avg (user_id, name, surname, company_id, shares_avg) VALUES (52, 'Liviano', 'Bergamaschi', 4, 0);
INSERT INTO dbo.user_monthly_shares_avg (user_id, name, surname, company_id, shares_avg) VALUES (53, 'Quadrato', 'Esposito', 4, 0);
INSERT INTO dbo.user_monthly_shares_avg (user_id, name, surname, company_id, shares_avg) VALUES (54, 'Lodovico', 'Baresi', 12, 0);
INSERT INTO dbo.user_monthly_shares_avg (user_id, name, surname, company_id, shares_avg) VALUES (55, 'Bellino', 'Trevisano', 3, 0);
INSERT INTO dbo.user_monthly_shares_avg (user_id, name, surname, company_id, shares_avg) VALUES (56, 'Vincenzo', 'Romani', 3, 0);
INSERT INTO dbo.user_monthly_shares_avg (user_id, name, surname, company_id, shares_avg) VALUES (57, 'Alfonso', 'Buccho', 3, 0);
INSERT INTO dbo.user_monthly_shares_avg (user_id, name, surname, company_id, shares_avg) VALUES (58, 'Giuditta', 'Padovesi', 12, 0);
INSERT INTO dbo.user_monthly_shares_avg (user_id, name, surname, company_id, shares_avg) VALUES (59, 'Cupido', 'Ricci', 3, 0);
INSERT INTO dbo.user_monthly_shares_avg (user_id, name, surname, company_id, shares_avg) VALUES (60, 'Ambrogio', 'Sagese', 10, 0);
INSERT INTO dbo.user_monthly_shares_avg (user_id, name, surname, company_id, shares_avg) VALUES (61, 'Agostina', 'Udinesi', 1, 0);
INSERT INTO dbo.user_monthly_shares_avg (user_id, name, surname, company_id, shares_avg) VALUES (64, 'Giovanni', 'Cocci', 1, 0);
INSERT INTO dbo.user_monthly_shares_avg (user_id, name, surname, company_id, shares_avg) VALUES (66, 'Anna', 'Bianchi', 1, 0);
INSERT INTO dbo.user_monthly_shares_avg (user_id, name, surname, company_id, shares_avg) VALUES (67, 'Luca', 'Rossi', 1, 0);
INSERT INTO dbo.user_monthly_shares_record (user_id, top_shares) VALUES (3, 3);
INSERT INTO dbo.user_monthly_shares_record (user_id, top_shares) VALUES (5, 4);
INSERT INTO dbo.user_monthly_shares_record (user_id, top_shares) VALUES (7, 0);
INSERT INTO dbo.user_monthly_shares_record (user_id, top_shares) VALUES (8, 0);
INSERT INTO dbo.user_monthly_shares_record (user_id, top_shares) VALUES (9, 4);
INSERT INTO dbo.user_monthly_shares_record (user_id, top_shares) VALUES (10, 0);
INSERT INTO dbo.user_monthly_shares_record (user_id, top_shares) VALUES (23, 0);
INSERT INTO dbo.user_monthly_shares_record (user_id, top_shares) VALUES (38, 0);
INSERT INTO dbo.user_monthly_shares_record (user_id, top_shares) VALUES (39, 2);
INSERT INTO dbo.user_monthly_shares_record (user_id, top_shares) VALUES (40, 0);
INSERT INTO dbo.user_monthly_shares_record (user_id, top_shares) VALUES (41, 0);
INSERT INTO dbo.user_monthly_shares_record (user_id, top_shares) VALUES (42, 0);
INSERT INTO dbo.user_monthly_shares_record (user_id, top_shares) VALUES (43, 0);
INSERT INTO dbo.user_monthly_shares_record (user_id, top_shares) VALUES (44, 0);
INSERT INTO dbo.user_monthly_shares_record (user_id, top_shares) VALUES (45, 0);
INSERT INTO dbo.user_monthly_shares_record (user_id, top_shares) VALUES (46, 0);
INSERT INTO dbo.user_monthly_shares_record (user_id, top_shares) VALUES (47, 0);
INSERT INTO dbo.user_monthly_shares_record (user_id, top_shares) VALUES (48, 0);
INSERT INTO dbo.user_monthly_shares_record (user_id, top_shares) VALUES (49, 0);
INSERT INTO dbo.user_monthly_shares_record (user_id, top_shares) VALUES (50, 0);
INSERT INTO dbo.user_monthly_shares_record (user_id, top_shares) VALUES (51, 0);
INSERT INTO dbo.user_monthly_shares_record (user_id, top_shares) VALUES (52, 0);
INSERT INTO dbo.user_monthly_shares_record (user_id, top_shares) VALUES (53, 0);
INSERT INTO dbo.user_monthly_shares_record (user_id, top_shares) VALUES (54, 0);
INSERT INTO dbo.user_monthly_shares_record (user_id, top_shares) VALUES (55, 0);
INSERT INTO dbo.user_monthly_shares_record (user_id, top_shares) VALUES (56, 0);
INSERT INTO dbo.user_monthly_shares_record (user_id, top_shares) VALUES (57, 0);
INSERT INTO dbo.user_monthly_shares_record (user_id, top_shares) VALUES (58, 0);
INSERT INTO dbo.user_monthly_shares_record (user_id, top_shares) VALUES (59, 0);
INSERT INTO dbo.user_monthly_shares_record (user_id, top_shares) VALUES (60, 0);
INSERT INTO dbo.user_monthly_shares_record (user_id, top_shares) VALUES (61, 0);
INSERT INTO dbo.user_monthly_shares_record (user_id, top_shares) VALUES (64, 0);
INSERT INTO dbo.user_monthly_shares_record (user_id, top_shares) VALUES (66, 1);
INSERT INTO dbo.user_monthly_shares_record (user_id, top_shares) VALUES (67, 2);
INSERT INTO dbo.user_statistics (user_id, name, surname, company_id, company_name, total_shares, guest_shares, host_shares, monthly_shares, weekly_shares, monthly_shares_avg, monthly_shares_record, longest_share, total_shared_distance, monthly_shared_distance, weekly_shared_distance, monthly_shared_distance_avg) VALUES (3, 'Federico', 'Mastrini', 1, 'Campus UNIPR', 12, 11, 1, 2, 0, 0, 3, 119210, 368690, 100572, 0, 0);
INSERT INTO dbo.user_statistics (user_id, name, surname, company_id, company_name, total_shares, guest_shares, host_shares, monthly_shares, weekly_shares, monthly_shares_avg, monthly_shares_record, longest_share, total_shared_distance, monthly_shared_distance, weekly_shared_distance, monthly_shared_distance_avg) VALUES (5, 'Giacomo', 'Pinto', 6, 'Lunipaper S.R.L.', 8, 5, 3, 1, 0, 0.5, 4, 119210, 209853, 43524, 0, 0);
INSERT INTO dbo.user_statistics (user_id, name, surname, company_id, company_name, total_shares, guest_shares, host_shares, monthly_shares, weekly_shares, monthly_shares_avg, monthly_shares_record, longest_share, total_shared_distance, monthly_shared_distance, weekly_shared_distance, monthly_shared_distance_avg) VALUES (7, 'Francesco', 'Scarpa', 10, 'Penny', 0, 0, 0, 0, 0, 0, 0, 0, 0, 0, 0, 0);
INSERT INTO dbo.user_statistics (user_id, name, surname, company_id, company_name, total_shares, guest_shares, host_shares, monthly_shares, weekly_shares, monthly_shares_avg, monthly_shares_record, longest_share, total_shared_distance, monthly_shared_distance, weekly_shared_distance, monthly_shared_distance_avg) VALUES (8, 'Sabrina', 'Berardi', 12, 'Ipercoop', 0, 0, 0, 0, 0, 0, 0, 0, 0, 0, 0, 0);
INSERT INTO dbo.user_statistics (user_id, name, surname, company_id, company_name, total_shares, guest_shares, host_shares, monthly_shares, weekly_shares, monthly_shares_avg, monthly_shares_record, longest_share, total_shared_distance, monthly_shared_distance, weekly_shared_distance, monthly_shared_distance_avg) VALUES (9, 'Samuela', 'Portoghese', 6, 'Lunipaper S.R.L.', 7, 1, 6, 2, 0, 0, 4, 43524, 119968, 57048, 0, 0);
INSERT INTO dbo.user_statistics (user_id, name, surname, company_id, company_name, total_shares, guest_shares, host_shares, monthly_shares, weekly_shares, monthly_shares_avg, monthly_shares_record, longest_share, total_shared_distance, monthly_shared_distance, weekly_shared_distance, monthly_shared_distance_avg) VALUES (10, 'Oscar', 'Conti', 6, 'Lunipaper S.R.L.', 0, 0, 0, 0, 0, 0, 0, 0, 0, 0, 0, 0);
INSERT INTO dbo.user_statistics (user_id, name, surname, company_id, company_name, total_shares, guest_shares, host_shares, monthly_shares, weekly_shares, monthly_shares_avg, monthly_shares_record, longest_share, total_shared_distance, monthly_shared_distance, weekly_shared_distance, monthly_shared_distance_avg) VALUES (23, 'Marilena', 'Cocci', 14, 'Lunielettronik', 0, 0, 0, 0, 0, 0, 0, 0, 0, 0, 0, 0);
INSERT INTO dbo.user_statistics (user_id, name, surname, company_id, company_name, total_shares, guest_shares, host_shares, monthly_shares, weekly_shares, monthly_shares_avg, monthly_shares_record, longest_share, total_shared_distance, monthly_shared_distance, weekly_shared_distance, monthly_shared_distance_avg) VALUES (38, 'Melissa', 'Sagese', 13, 'Ospedale Sant''Antonio Abate', 0, 0, 0, 0, 0, 0, 0, 0, 0, 0, 0, 0);
INSERT INTO dbo.user_statistics (user_id, name, surname, company_id, company_name, total_shares, guest_shares, host_shares, monthly_shares, weekly_shares, monthly_shares_avg, monthly_shares_record, longest_share, total_shared_distance, monthly_shared_distance, weekly_shared_distance, monthly_shared_distance_avg) VALUES (39, 'Viola', 'Lettiere', 13, 'Ospedale Sant''Antonio Abate', 2, 0, 2, 0, 0, 0, 2, 0, 0, 0, 0, 0);
INSERT INTO dbo.user_statistics (user_id, name, surname, company_id, company_name, total_shares, guest_shares, host_shares, monthly_shares, weekly_shares, monthly_shares_avg, monthly_shares_record, longest_share, total_shared_distance, monthly_shared_distance, weekly_shared_distance, monthly_shared_distance_avg) VALUES (40, 'Gabriele', 'Moretti', 14, 'Lunielettronik', 0, 0, 0, 0, 0, 0, 0, 0, 0, 0, 0, 0);
INSERT INTO dbo.user_statistics (user_id, name, surname, company_id, company_name, total_shares, guest_shares, host_shares, monthly_shares, weekly_shares, monthly_shares_avg, monthly_shares_record, longest_share, total_shared_distance, monthly_shared_distance, weekly_shared_distance, monthly_shared_distance_avg) VALUES (41, 'Michele', 'Sagese', 14, 'Lunielettronik', 0, 0, 0, 0, 0, 0, 0, 0, 0, 0, 0, 0);
INSERT INTO dbo.user_statistics (user_id, name, surname, company_id, company_name, total_shares, guest_shares, host_shares, monthly_shares, weekly_shares, monthly_shares_avg, monthly_shares_record, longest_share, total_shared_distance, monthly_shared_distance, weekly_shared_distance, monthly_shared_distance_avg) VALUES (42, 'Ferdinando', 'Loggia', 6, 'Lunipaper S.R.L.', 0, 0, 0, 0, 0, 0, 0, 0, 0, 0, 0, 0);
INSERT INTO dbo.user_statistics (user_id, name, surname, company_id, company_name, total_shares, guest_shares, host_shares, monthly_shares, weekly_shares, monthly_shares_avg, monthly_shares_record, longest_share, total_shared_distance, monthly_shared_distance, weekly_shared_distance, monthly_shared_distance_avg) VALUES (43, 'Adamo', 'De Luca', 5, 'Lidl', 0, 0, 0, 0, 0, 0, 0, 0, 0, 0, 0, 0);
INSERT INTO dbo.user_statistics (user_id, name, surname, company_id, company_name, total_shares, guest_shares, host_shares, monthly_shares, weekly_shares, monthly_shares_avg, monthly_shares_record, longest_share, total_shared_distance, monthly_shared_distance, weekly_shared_distance, monthly_shared_distance_avg) VALUES (44, 'Melania', 'Gallo', 5, 'Lidl', 0, 0, 0, 0, 0, 0, 0, 0, 0, 0, 0, 0);
INSERT INTO dbo.user_statistics (user_id, name, surname, company_id, company_name, total_shares, guest_shares, host_shares, monthly_shares, weekly_shares, monthly_shares_avg, monthly_shares_record, longest_share, total_shared_distance, monthly_shared_distance, weekly_shared_distance, monthly_shared_distance_avg) VALUES (45, 'Remo', 'Bruno', 11, 'Conad', 0, 0, 0, 0, 0, 0, 0, 0, 0, 0, 0, 0);
INSERT INTO dbo.user_statistics (user_id, name, surname, company_id, company_name, total_shares, guest_shares, host_shares, monthly_shares, weekly_shares, monthly_shares_avg, monthly_shares_record, longest_share, total_shared_distance, monthly_shared_distance, weekly_shared_distance, monthly_shared_distance_avg) VALUES (46, 'Tamara', 'Lucchesi', 5, 'Lidl', 0, 0, 0, 0, 0, 0, 0, 0, 0, 0, 0, 0);
INSERT INTO dbo.user_statistics (user_id, name, surname, company_id, company_name, total_shares, guest_shares, host_shares, monthly_shares, weekly_shares, monthly_shares_avg, monthly_shares_record, longest_share, total_shared_distance, monthly_shared_distance, weekly_shared_distance, monthly_shared_distance_avg) VALUES (47, 'Benedetta', 'Bellucci', 14, 'Lunielettronik', 0, 0, 0, 0, 0, 0, 0, 0, 0, 0, 0, 0);
INSERT INTO dbo.user_statistics (user_id, name, surname, company_id, company_name, total_shares, guest_shares, host_shares, monthly_shares, weekly_shares, monthly_shares_avg, monthly_shares_record, longest_share, total_shared_distance, monthly_shared_distance, weekly_shared_distance, monthly_shared_distance_avg) VALUES (48, 'Delfio', 'Dellucci', 3, 'Oto Melara Spa', 0, 0, 0, 0, 0, 0, 0, 0, 0, 0, 0, 0);
INSERT INTO dbo.user_statistics (user_id, name, surname, company_id, company_name, total_shares, guest_shares, host_shares, monthly_shares, weekly_shares, monthly_shares_avg, monthly_shares_record, longest_share, total_shared_distance, monthly_shared_distance, weekly_shared_distance, monthly_shared_distance_avg) VALUES (49, 'Armando', 'De Luca', 3, 'Oto Melara Spa', 0, 0, 0, 0, 0, 0, 0, 0, 0, 0, 0, 0);
INSERT INTO dbo.user_statistics (user_id, name, surname, company_id, company_name, total_shares, guest_shares, host_shares, monthly_shares, weekly_shares, monthly_shares_avg, monthly_shares_record, longest_share, total_shared_distance, monthly_shared_distance, weekly_shared_distance, monthly_shared_distance_avg) VALUES (50, 'Carisio', 'Genovesi', 4, 'Conad Superstore', 0, 0, 0, 0, 0, 0, 0, 0, 0, 0, 0, 0);
INSERT INTO dbo.user_statistics (user_id, name, surname, company_id, company_name, total_shares, guest_shares, host_shares, monthly_shares, weekly_shares, monthly_shares_avg, monthly_shares_record, longest_share, total_shared_distance, monthly_shared_distance, weekly_shared_distance, monthly_shared_distance_avg) VALUES (51, 'Elia', 'Trevisan', 14, 'Lunielettronik', 0, 0, 0, 0, 0, 0, 0, 0, 0, 0, 0, 0);
INSERT INTO dbo.user_statistics (user_id, name, surname, company_id, company_name, total_shares, guest_shares, host_shares, monthly_shares, weekly_shares, monthly_shares_avg, monthly_shares_record, longest_share, total_shared_distance, monthly_shared_distance, weekly_shared_distance, monthly_shared_distance_avg) VALUES (52, 'Liviano', 'Bergamaschi', 4, 'Conad Superstore', 0, 0, 0, 0, 0, 0, 0, 0, 0, 0, 0, 0);
INSERT INTO dbo.user_statistics (user_id, name, surname, company_id, company_name, total_shares, guest_shares, host_shares, monthly_shares, weekly_shares, monthly_shares_avg, monthly_shares_record, longest_share, total_shared_distance, monthly_shared_distance, weekly_shared_distance, monthly_shared_distance_avg) VALUES (53, 'Quadrato', 'Esposito', 4, 'Conad Superstore', 0, 0, 0, 0, 0, 0, 0, 0, 0, 0, 0, 0);
INSERT INTO dbo.user_statistics (user_id, name, surname, company_id, company_name, total_shares, guest_shares, host_shares, monthly_shares, weekly_shares, monthly_shares_avg, monthly_shares_record, longest_share, total_shared_distance, monthly_shared_distance, weekly_shared_distance, monthly_shared_distance_avg) VALUES (54, 'Lodovico', 'Baresi', 12, 'Ipercoop', 0, 0, 0, 0, 0, 0, 0, 0, 0, 0, 0, 0);
INSERT INTO dbo.user_statistics (user_id, name, surname, company_id, company_name, total_shares, guest_shares, host_shares, monthly_shares, weekly_shares, monthly_shares_avg, monthly_shares_record, longest_share, total_shared_distance, monthly_shared_distance, weekly_shared_distance, monthly_shared_distance_avg) VALUES (55, 'Bellino', 'Trevisano', 3, 'Oto Melara Spa', 0, 0, 0, 0, 0, 0, 0, 0, 0, 0, 0, 0);
INSERT INTO dbo.user_statistics (user_id, name, surname, company_id, company_name, total_shares, guest_shares, host_shares, monthly_shares, weekly_shares, monthly_shares_avg, monthly_shares_record, longest_share, total_shared_distance, monthly_shared_distance, weekly_shared_distance, monthly_shared_distance_avg) VALUES (56, 'Vincenzo', 'Romani', 3, 'Oto Melara Spa', 0, 0, 0, 0, 0, 0, 0, 0, 0, 0, 0, 0);
INSERT INTO dbo.user_statistics (user_id, name, surname, company_id, company_name, total_shares, guest_shares, host_shares, monthly_shares, weekly_shares, monthly_shares_avg, monthly_shares_record, longest_share, total_shared_distance, monthly_shared_distance, weekly_shared_distance, monthly_shared_distance_avg) VALUES (57, 'Alfonso', 'Buccho', 3, 'Oto Melara Spa', 0, 0, 0, 0, 0, 0, 0, 0, 0, 0, 0, 0);
INSERT INTO dbo.user_statistics (user_id, name, surname, company_id, company_name, total_shares, guest_shares, host_shares, monthly_shares, weekly_shares, monthly_shares_avg, monthly_shares_record, longest_share, total_shared_distance, monthly_shared_distance, weekly_shared_distance, monthly_shared_distance_avg) VALUES (58, 'Giuditta', 'Padovesi', 12, 'Ipercoop', 0, 0, 0, 0, 0, 0, 0, 0, 0, 0, 0, 0);
INSERT INTO dbo.user_statistics (user_id, name, surname, company_id, company_name, total_shares, guest_shares, host_shares, monthly_shares, weekly_shares, monthly_shares_avg, monthly_shares_record, longest_share, total_shared_distance, monthly_shared_distance, weekly_shared_distance, monthly_shared_distance_avg) VALUES (59, 'Cupido', 'Ricci', 3, 'Oto Melara Spa', 0, 0, 0, 0, 0, 0, 0, 0, 0, 0, 0, 0);
INSERT INTO dbo.user_statistics (user_id, name, surname, company_id, company_name, total_shares, guest_shares, host_shares, monthly_shares, weekly_shares, monthly_shares_avg, monthly_shares_record, longest_share, total_shared_distance, monthly_shared_distance, weekly_shared_distance, monthly_shared_distance_avg) VALUES (60, 'Ambrogio', 'Sagese', 10, 'Penny', 0, 0, 0, 0, 0, 0, 0, 0, 0, 0, 0, 0);
INSERT INTO dbo.user_statistics (user_id, name, surname, company_id, company_name, total_shares, guest_shares, host_shares, monthly_shares, weekly_shares, monthly_shares_avg, monthly_shares_record, longest_share, total_shared_distance, monthly_shared_distance, weekly_shared_distance, monthly_shared_distance_avg) VALUES (61, 'Agostina', 'Udinesi', 1, 'Campus UNIPR', 0, 0, 0, 0, 0, 0, 0, 0, 0, 0, 0, 0);
INSERT INTO dbo.user_statistics (user_id, name, surname, company_id, company_name, total_shares, guest_shares, host_shares, monthly_shares, weekly_shares, monthly_shares_avg, monthly_shares_record, longest_share, total_shared_distance, monthly_shared_distance, weekly_shared_distance, monthly_shared_distance_avg) VALUES (64, 'Giovanni', 'Cocci', 1, 'Campus UNIPR', 0, 0, 0, 0, 0, 0, 0, 0, 0, 0, 0, 0);
INSERT INTO dbo.user_statistics (user_id, name, surname, company_id, company_name, total_shares, guest_shares, host_shares, monthly_shares, weekly_shares, monthly_shares_avg, monthly_shares_record, longest_share, total_shared_distance, monthly_shared_distance, weekly_shared_distance, monthly_shared_distance_avg) VALUES (66, 'Anna', 'Bianchi', 1, 'Campus UNIPR', 1, 0, 1, 0, 0, 0, 1, 19476, 19476, 0, 0, 0);
INSERT INTO dbo.user_statistics (user_id, name, surname, company_id, company_name, total_shares, guest_shares, host_shares, monthly_shares, weekly_shares, monthly_shares_avg, monthly_shares_record, longest_share, total_shared_distance, monthly_shared_distance, weekly_shared_distance, monthly_shared_distance_avg) VALUES (67, 'Luca', 'Rossi', 1, 'Campus UNIPR', 1, 0, 1, 0, 0, 0, 2, 19395, 19395, 0, 0, 0);
INSERT INTO dbo.user_total_shared_distance (user_id, name, surname, company_id, shared_distance) VALUES (3, 'Federico', 'Mastrini', 1, 368690);
INSERT INTO dbo.user_total_shared_distance (user_id, name, surname, company_id, shared_distance) VALUES (5, 'Giacomo', 'Pinto', 6, 209853);
INSERT INTO dbo.user_total_shared_distance (user_id, name, surname, company_id, shared_distance) VALUES (7, 'Francesco', 'Scarpa', 10, 0);
INSERT INTO dbo.user_total_shared_distance (user_id, name, surname, company_id, shared_distance) VALUES (8, 'Sabrina', 'Berardi', 12, 0);
INSERT INTO dbo.user_total_shared_distance (user_id, name, surname, company_id, shared_distance) VALUES (9, 'Samuela', 'Portoghese', 6, 119968);
INSERT INTO dbo.user_total_shared_distance (user_id, name, surname, company_id, shared_distance) VALUES (10, 'Oscar', 'Conti', 6, 0);
INSERT INTO dbo.user_total_shared_distance (user_id, name, surname, company_id, shared_distance) VALUES (23, 'Marilena', 'Cocci', 14, 0);
INSERT INTO dbo.user_total_shared_distance (user_id, name, surname, company_id, shared_distance) VALUES (38, 'Melissa', 'Sagese', 13, 0);
INSERT INTO dbo.user_total_shared_distance (user_id, name, surname, company_id, shared_distance) VALUES (39, 'Viola', 'Lettiere', 13, 0);
INSERT INTO dbo.user_total_shared_distance (user_id, name, surname, company_id, shared_distance) VALUES (40, 'Gabriele', 'Moretti', 14, 0);
INSERT INTO dbo.user_total_shared_distance (user_id, name, surname, company_id, shared_distance) VALUES (41, 'Michele', 'Sagese', 14, 0);
INSERT INTO dbo.user_total_shared_distance (user_id, name, surname, company_id, shared_distance) VALUES (42, 'Ferdinando', 'Loggia', 6, 0);
INSERT INTO dbo.user_total_shared_distance (user_id, name, surname, company_id, shared_distance) VALUES (43, 'Adamo', 'De Luca', 5, 0);
INSERT INTO dbo.user_total_shared_distance (user_id, name, surname, company_id, shared_distance) VALUES (44, 'Melania', 'Gallo', 5, 0);
INSERT INTO dbo.user_total_shared_distance (user_id, name, surname, company_id, shared_distance) VALUES (45, 'Remo', 'Bruno', 11, 0);
INSERT INTO dbo.user_total_shared_distance (user_id, name, surname, company_id, shared_distance) VALUES (46, 'Tamara', 'Lucchesi', 5, 0);
INSERT INTO dbo.user_total_shared_distance (user_id, name, surname, company_id, shared_distance) VALUES (47, 'Benedetta', 'Bellucci', 14, 0);
INSERT INTO dbo.user_total_shared_distance (user_id, name, surname, company_id, shared_distance) VALUES (48, 'Delfio', 'Dellucci', 3, 0);
INSERT INTO dbo.user_total_shared_distance (user_id, name, surname, company_id, shared_distance) VALUES (49, 'Armando', 'De Luca', 3, 0);
INSERT INTO dbo.user_total_shared_distance (user_id, name, surname, company_id, shared_distance) VALUES (50, 'Carisio', 'Genovesi', 4, 0);
INSERT INTO dbo.user_total_shared_distance (user_id, name, surname, company_id, shared_distance) VALUES (51, 'Elia', 'Trevisan', 14, 0);
INSERT INTO dbo.user_total_shared_distance (user_id, name, surname, company_id, shared_distance) VALUES (52, 'Liviano', 'Bergamaschi', 4, 0);
INSERT INTO dbo.user_total_shared_distance (user_id, name, surname, company_id, shared_distance) VALUES (53, 'Quadrato', 'Esposito', 4, 0);
INSERT INTO dbo.user_total_shared_distance (user_id, name, surname, company_id, shared_distance) VALUES (54, 'Lodovico', 'Baresi', 12, 0);
INSERT INTO dbo.user_total_shared_distance (user_id, name, surname, company_id, shared_distance) VALUES (55, 'Bellino', 'Trevisano', 3, 0);
INSERT INTO dbo.user_total_shared_distance (user_id, name, surname, company_id, shared_distance) VALUES (56, 'Vincenzo', 'Romani', 3, 0);
INSERT INTO dbo.user_total_shared_distance (user_id, name, surname, company_id, shared_distance) VALUES (57, 'Alfonso', 'Buccho', 3, 0);
INSERT INTO dbo.user_total_shared_distance (user_id, name, surname, company_id, shared_distance) VALUES (58, 'Giuditta', 'Padovesi', 12, 0);
INSERT INTO dbo.user_total_shared_distance (user_id, name, surname, company_id, shared_distance) VALUES (59, 'Cupido', 'Ricci', 3, 0);
INSERT INTO dbo.user_total_shared_distance (user_id, name, surname, company_id, shared_distance) VALUES (60, 'Ambrogio', 'Sagese', 10, 0);
INSERT INTO dbo.user_total_shared_distance (user_id, name, surname, company_id, shared_distance) VALUES (61, 'Agostina', 'Udinesi', 1, 0);
INSERT INTO dbo.user_total_shared_distance (user_id, name, surname, company_id, shared_distance) VALUES (64, 'Giovanni', 'Cocci', 1, 0);
INSERT INTO dbo.user_total_shared_distance (user_id, name, surname, company_id, shared_distance) VALUES (66, 'Anna', 'Bianchi', 1, 19476);
INSERT INTO dbo.user_total_shared_distance (user_id, name, surname, company_id, shared_distance) VALUES (67, 'Luca', 'Rossi', 1, 19395);
INSERT INTO dbo.user_total_shares (user_id, name, surname, company_id, shares, host_shares, guest_shares) VALUES (3, 'Federico', 'Mastrini', 1, 12, 1, 11);
INSERT INTO dbo.user_total_shares (user_id, name, surname, company_id, shares, host_shares, guest_shares) VALUES (5, 'Giacomo', 'Pinto', 6, 8, 3, 5);
INSERT INTO dbo.user_total_shares (user_id, name, surname, company_id, shares, host_shares, guest_shares) VALUES (7, 'Francesco', 'Scarpa', 10, 0, 0, 0);
INSERT INTO dbo.user_total_shares (user_id, name, surname, company_id, shares, host_shares, guest_shares) VALUES (8, 'Sabrina', 'Berardi', 12, 0, 0, 0);
INSERT INTO dbo.user_total_shares (user_id, name, surname, company_id, shares, host_shares, guest_shares) VALUES (9, 'Samuela', 'Portoghese', 6, 7, 6, 1);
INSERT INTO dbo.user_total_shares (user_id, name, surname, company_id, shares, host_shares, guest_shares) VALUES (10, 'Oscar', 'Conti', 6, 0, 0, 0);
INSERT INTO dbo.user_total_shares (user_id, name, surname, company_id, shares, host_shares, guest_shares) VALUES (23, 'Marilena', 'Cocci', 14, 0, 0, 0);
INSERT INTO dbo.user_total_shares (user_id, name, surname, company_id, shares, host_shares, guest_shares) VALUES (38, 'Melissa', 'Sagese', 13, 0, 0, 0);
INSERT INTO dbo.user_total_shares (user_id, name, surname, company_id, shares, host_shares, guest_shares) VALUES (39, 'Viola', 'Lettiere', 13, 2, 2, 0);
INSERT INTO dbo.user_total_shares (user_id, name, surname, company_id, shares, host_shares, guest_shares) VALUES (40, 'Gabriele', 'Moretti', 14, 0, 0, 0);
INSERT INTO dbo.user_total_shares (user_id, name, surname, company_id, shares, host_shares, guest_shares) VALUES (41, 'Michele', 'Sagese', 14, 0, 0, 0);
INSERT INTO dbo.user_total_shares (user_id, name, surname, company_id, shares, host_shares, guest_shares) VALUES (42, 'Ferdinando', 'Loggia', 6, 0, 0, 0);
INSERT INTO dbo.user_total_shares (user_id, name, surname, company_id, shares, host_shares, guest_shares) VALUES (43, 'Adamo', 'De Luca', 5, 0, 0, 0);
INSERT INTO dbo.user_total_shares (user_id, name, surname, company_id, shares, host_shares, guest_shares) VALUES (44, 'Melania', 'Gallo', 5, 0, 0, 0);
INSERT INTO dbo.user_total_shares (user_id, name, surname, company_id, shares, host_shares, guest_shares) VALUES (45, 'Remo', 'Bruno', 11, 0, 0, 0);
INSERT INTO dbo.user_total_shares (user_id, name, surname, company_id, shares, host_shares, guest_shares) VALUES (46, 'Tamara', 'Lucchesi', 5, 0, 0, 0);
INSERT INTO dbo.user_total_shares (user_id, name, surname, company_id, shares, host_shares, guest_shares) VALUES (47, 'Benedetta', 'Bellucci', 14, 0, 0, 0);
INSERT INTO dbo.user_total_shares (user_id, name, surname, company_id, shares, host_shares, guest_shares) VALUES (48, 'Delfio', 'Dellucci', 3, 0, 0, 0);
INSERT INTO dbo.user_total_shares (user_id, name, surname, company_id, shares, host_shares, guest_shares) VALUES (49, 'Armando', 'De Luca', 3, 0, 0, 0);
INSERT INTO dbo.user_total_shares (user_id, name, surname, company_id, shares, host_shares, guest_shares) VALUES (50, 'Carisio', 'Genovesi', 4, 0, 0, 0);
INSERT INTO dbo.user_total_shares (user_id, name, surname, company_id, shares, host_shares, guest_shares) VALUES (51, 'Elia', 'Trevisan', 14, 0, 0, 0);
INSERT INTO dbo.user_total_shares (user_id, name, surname, company_id, shares, host_shares, guest_shares) VALUES (52, 'Liviano', 'Bergamaschi', 4, 0, 0, 0);
INSERT INTO dbo.user_total_shares (user_id, name, surname, company_id, shares, host_shares, guest_shares) VALUES (53, 'Quadrato', 'Esposito', 4, 0, 0, 0);
INSERT INTO dbo.user_total_shares (user_id, name, surname, company_id, shares, host_shares, guest_shares) VALUES (54, 'Lodovico', 'Baresi', 12, 0, 0, 0);
INSERT INTO dbo.user_total_shares (user_id, name, surname, company_id, shares, host_shares, guest_shares) VALUES (55, 'Bellino', 'Trevisano', 3, 0, 0, 0);
INSERT INTO dbo.user_total_shares (user_id, name, surname, company_id, shares, host_shares, guest_shares) VALUES (56, 'Vincenzo', 'Romani', 3, 0, 0, 0);
INSERT INTO dbo.user_total_shares (user_id, name, surname, company_id, shares, host_shares, guest_shares) VALUES (57, 'Alfonso', 'Buccho', 3, 0, 0, 0);
INSERT INTO dbo.user_total_shares (user_id, name, surname, company_id, shares, host_shares, guest_shares) VALUES (58, 'Giuditta', 'Padovesi', 12, 0, 0, 0);
INSERT INTO dbo.user_total_shares (user_id, name, surname, company_id, shares, host_shares, guest_shares) VALUES (59, 'Cupido', 'Ricci', 3, 0, 0, 0);
INSERT INTO dbo.user_total_shares (user_id, name, surname, company_id, shares, host_shares, guest_shares) VALUES (60, 'Ambrogio', 'Sagese', 10, 0, 0, 0);
INSERT INTO dbo.user_total_shares (user_id, name, surname, company_id, shares, host_shares, guest_shares) VALUES (61, 'Agostina', 'Udinesi', 1, 0, 0, 0);
INSERT INTO dbo.user_total_shares (user_id, name, surname, company_id, shares, host_shares, guest_shares) VALUES (64, 'Giovanni', 'Cocci', 1, 0, 0, 0);
INSERT INTO dbo.user_total_shares (user_id, name, surname, company_id, shares, host_shares, guest_shares) VALUES (66, 'Anna', 'Bianchi', 1, 1, 1, 0);
INSERT INTO dbo.user_total_shares (user_id, name, surname, company_id, shares, host_shares, guest_shares) VALUES (67, 'Luca', 'Rossi', 1, 1, 1, 0);
INSERT INTO dbo.user_weekly_shared_distance (user_id, name, surname, company_id, weekly_shared_distance) VALUES (3, 'Federico', 'Mastrini', 1, 0);
INSERT INTO dbo.user_weekly_shared_distance (user_id, name, surname, company_id, weekly_shared_distance) VALUES (5, 'Giacomo', 'Pinto', 6, 0);
INSERT INTO dbo.user_weekly_shared_distance (user_id, name, surname, company_id, weekly_shared_distance) VALUES (7, 'Francesco', 'Scarpa', 10, 0);
INSERT INTO dbo.user_weekly_shared_distance (user_id, name, surname, company_id, weekly_shared_distance) VALUES (8, 'Sabrina', 'Berardi', 12, 0);
INSERT INTO dbo.user_weekly_shared_distance (user_id, name, surname, company_id, weekly_shared_distance) VALUES (9, 'Samuela', 'Portoghese', 6, 0);
INSERT INTO dbo.user_weekly_shared_distance (user_id, name, surname, company_id, weekly_shared_distance) VALUES (10, 'Oscar', 'Conti', 6, 0);
INSERT INTO dbo.user_weekly_shared_distance (user_id, name, surname, company_id, weekly_shared_distance) VALUES (23, 'Marilena', 'Cocci', 14, 0);
INSERT INTO dbo.user_weekly_shared_distance (user_id, name, surname, company_id, weekly_shared_distance) VALUES (38, 'Melissa', 'Sagese', 13, 0);
INSERT INTO dbo.user_weekly_shared_distance (user_id, name, surname, company_id, weekly_shared_distance) VALUES (39, 'Viola', 'Lettiere', 13, 0);
INSERT INTO dbo.user_weekly_shared_distance (user_id, name, surname, company_id, weekly_shared_distance) VALUES (40, 'Gabriele', 'Moretti', 14, 0);
INSERT INTO dbo.user_weekly_shared_distance (user_id, name, surname, company_id, weekly_shared_distance) VALUES (41, 'Michele', 'Sagese', 14, 0);
INSERT INTO dbo.user_weekly_shared_distance (user_id, name, surname, company_id, weekly_shared_distance) VALUES (42, 'Ferdinando', 'Loggia', 6, 0);
INSERT INTO dbo.user_weekly_shared_distance (user_id, name, surname, company_id, weekly_shared_distance) VALUES (43, 'Adamo', 'De Luca', 5, 0);
INSERT INTO dbo.user_weekly_shared_distance (user_id, name, surname, company_id, weekly_shared_distance) VALUES (44, 'Melania', 'Gallo', 5, 0);
INSERT INTO dbo.user_weekly_shared_distance (user_id, name, surname, company_id, weekly_shared_distance) VALUES (45, 'Remo', 'Bruno', 11, 0);
INSERT INTO dbo.user_weekly_shared_distance (user_id, name, surname, company_id, weekly_shared_distance) VALUES (46, 'Tamara', 'Lucchesi', 5, 0);
INSERT INTO dbo.user_weekly_shared_distance (user_id, name, surname, company_id, weekly_shared_distance) VALUES (47, 'Benedetta', 'Bellucci', 14, 0);
INSERT INTO dbo.user_weekly_shared_distance (user_id, name, surname, company_id, weekly_shared_distance) VALUES (48, 'Delfio', 'Dellucci', 3, 0);
INSERT INTO dbo.user_weekly_shared_distance (user_id, name, surname, company_id, weekly_shared_distance) VALUES (49, 'Armando', 'De Luca', 3, 0);
INSERT INTO dbo.user_weekly_shared_distance (user_id, name, surname, company_id, weekly_shared_distance) VALUES (50, 'Carisio', 'Genovesi', 4, 0);
INSERT INTO dbo.user_weekly_shared_distance (user_id, name, surname, company_id, weekly_shared_distance) VALUES (51, 'Elia', 'Trevisan', 14, 0);
INSERT INTO dbo.user_weekly_shared_distance (user_id, name, surname, company_id, weekly_shared_distance) VALUES (52, 'Liviano', 'Bergamaschi', 4, 0);
INSERT INTO dbo.user_weekly_shared_distance (user_id, name, surname, company_id, weekly_shared_distance) VALUES (53, 'Quadrato', 'Esposito', 4, 0);
INSERT INTO dbo.user_weekly_shared_distance (user_id, name, surname, company_id, weekly_shared_distance) VALUES (54, 'Lodovico', 'Baresi', 12, 0);
INSERT INTO dbo.user_weekly_shared_distance (user_id, name, surname, company_id, weekly_shared_distance) VALUES (55, 'Bellino', 'Trevisano', 3, 0);
INSERT INTO dbo.user_weekly_shared_distance (user_id, name, surname, company_id, weekly_shared_distance) VALUES (56, 'Vincenzo', 'Romani', 3, 0);
INSERT INTO dbo.user_weekly_shared_distance (user_id, name, surname, company_id, weekly_shared_distance) VALUES (57, 'Alfonso', 'Buccho', 3, 0);
INSERT INTO dbo.user_weekly_shared_distance (user_id, name, surname, company_id, weekly_shared_distance) VALUES (58, 'Giuditta', 'Padovesi', 12, 0);
INSERT INTO dbo.user_weekly_shared_distance (user_id, name, surname, company_id, weekly_shared_distance) VALUES (59, 'Cupido', 'Ricci', 3, 0);
INSERT INTO dbo.user_weekly_shared_distance (user_id, name, surname, company_id, weekly_shared_distance) VALUES (60, 'Ambrogio', 'Sagese', 10, 0);
INSERT INTO dbo.user_weekly_shared_distance (user_id, name, surname, company_id, weekly_shared_distance) VALUES (61, 'Agostina', 'Udinesi', 1, 0);
INSERT INTO dbo.user_weekly_shared_distance (user_id, name, surname, company_id, weekly_shared_distance) VALUES (64, 'Giovanni', 'Cocci', 1, 0);
INSERT INTO dbo.user_weekly_shared_distance (user_id, name, surname, company_id, weekly_shared_distance) VALUES (66, 'Anna', 'Bianchi', 1, 0);
INSERT INTO dbo.user_weekly_shared_distance (user_id, name, surname, company_id, weekly_shared_distance) VALUES (67, 'Luca', 'Rossi', 1, 0);
INSERT INTO dbo.user_weekly_shares (user_id, name, surname, company_id, weekly_shares) VALUES (3, 'Federico', 'Mastrini', 1, 0);
INSERT INTO dbo.user_weekly_shares (user_id, name, surname, company_id, weekly_shares) VALUES (5, 'Giacomo', 'Pinto', 6, 0);
INSERT INTO dbo.user_weekly_shares (user_id, name, surname, company_id, weekly_shares) VALUES (7, 'Francesco', 'Scarpa', 10, 0);
INSERT INTO dbo.user_weekly_shares (user_id, name, surname, company_id, weekly_shares) VALUES (8, 'Sabrina', 'Berardi', 12, 0);
INSERT INTO dbo.user_weekly_shares (user_id, name, surname, company_id, weekly_shares) VALUES (9, 'Samuela', 'Portoghese', 6, 0);
INSERT INTO dbo.user_weekly_shares (user_id, name, surname, company_id, weekly_shares) VALUES (10, 'Oscar', 'Conti', 6, 0);
INSERT INTO dbo.user_weekly_shares (user_id, name, surname, company_id, weekly_shares) VALUES (23, 'Marilena', 'Cocci', 14, 0);
INSERT INTO dbo.user_weekly_shares (user_id, name, surname, company_id, weekly_shares) VALUES (38, 'Melissa', 'Sagese', 13, 0);
INSERT INTO dbo.user_weekly_shares (user_id, name, surname, company_id, weekly_shares) VALUES (39, 'Viola', 'Lettiere', 13, 0);
INSERT INTO dbo.user_weekly_shares (user_id, name, surname, company_id, weekly_shares) VALUES (40, 'Gabriele', 'Moretti', 14, 0);
INSERT INTO dbo.user_weekly_shares (user_id, name, surname, company_id, weekly_shares) VALUES (41, 'Michele', 'Sagese', 14, 0);
INSERT INTO dbo.user_weekly_shares (user_id, name, surname, company_id, weekly_shares) VALUES (42, 'Ferdinando', 'Loggia', 6, 0);
INSERT INTO dbo.user_weekly_shares (user_id, name, surname, company_id, weekly_shares) VALUES (43, 'Adamo', 'De Luca', 5, 0);
INSERT INTO dbo.user_weekly_shares (user_id, name, surname, company_id, weekly_shares) VALUES (44, 'Melania', 'Gallo', 5, 0);
INSERT INTO dbo.user_weekly_shares (user_id, name, surname, company_id, weekly_shares) VALUES (45, 'Remo', 'Bruno', 11, 0);
INSERT INTO dbo.user_weekly_shares (user_id, name, surname, company_id, weekly_shares) VALUES (46, 'Tamara', 'Lucchesi', 5, 0);
INSERT INTO dbo.user_weekly_shares (user_id, name, surname, company_id, weekly_shares) VALUES (47, 'Benedetta', 'Bellucci', 14, 0);
INSERT INTO dbo.user_weekly_shares (user_id, name, surname, company_id, weekly_shares) VALUES (48, 'Delfio', 'Dellucci', 3, 0);
INSERT INTO dbo.user_weekly_shares (user_id, name, surname, company_id, weekly_shares) VALUES (49, 'Armando', 'De Luca', 3, 0);
INSERT INTO dbo.user_weekly_shares (user_id, name, surname, company_id, weekly_shares) VALUES (50, 'Carisio', 'Genovesi', 4, 0);
INSERT INTO dbo.user_weekly_shares (user_id, name, surname, company_id, weekly_shares) VALUES (51, 'Elia', 'Trevisan', 14, 0);
INSERT INTO dbo.user_weekly_shares (user_id, name, surname, company_id, weekly_shares) VALUES (52, 'Liviano', 'Bergamaschi', 4, 0);
INSERT INTO dbo.user_weekly_shares (user_id, name, surname, company_id, weekly_shares) VALUES (53, 'Quadrato', 'Esposito', 4, 0);
INSERT INTO dbo.user_weekly_shares (user_id, name, surname, company_id, weekly_shares) VALUES (54, 'Lodovico', 'Baresi', 12, 0);
INSERT INTO dbo.user_weekly_shares (user_id, name, surname, company_id, weekly_shares) VALUES (55, 'Bellino', 'Trevisano', 3, 0);
INSERT INTO dbo.user_weekly_shares (user_id, name, surname, company_id, weekly_shares) VALUES (56, 'Vincenzo', 'Romani', 3, 0);
INSERT INTO dbo.user_weekly_shares (user_id, name, surname, company_id, weekly_shares) VALUES (57, 'Alfonso', 'Buccho', 3, 0);
INSERT INTO dbo.user_weekly_shares (user_id, name, surname, company_id, weekly_shares) VALUES (58, 'Giuditta', 'Padovesi', 12, 0);
INSERT INTO dbo.user_weekly_shares (user_id, name, surname, company_id, weekly_shares) VALUES (59, 'Cupido', 'Ricci', 3, 0);
INSERT INTO dbo.user_weekly_shares (user_id, name, surname, company_id, weekly_shares) VALUES (60, 'Ambrogio', 'Sagese', 10, 0);
INSERT INTO dbo.user_weekly_shares (user_id, name, surname, company_id, weekly_shares) VALUES (61, 'Agostina', 'Udinesi', 1, 0);
INSERT INTO dbo.user_weekly_shares (user_id, name, surname, company_id, weekly_shares) VALUES (64, 'Giovanni', 'Cocci', 1, 0);
INSERT INTO dbo.user_weekly_shares (user_id, name, surname, company_id, weekly_shares) VALUES (66, 'Anna', 'Bianchi', 1, 0);
INSERT INTO dbo.user_weekly_shares (user_id, name, surname, company_id, weekly_shares) VALUES (67, 'Luca', 'Rossi', 1, 0);
INSERT INTO dbo.user_weekly_shares_record (user_id, top_shares) VALUES (3, 3);
INSERT INTO dbo.user_weekly_shares_record (user_id, top_shares) VALUES (5, 3);
INSERT INTO dbo.user_weekly_shares_record (user_id, top_shares) VALUES (7, 0);
INSERT INTO dbo.user_weekly_shares_record (user_id, top_shares) VALUES (8, 0);
INSERT INTO dbo.user_weekly_shares_record (user_id, top_shares) VALUES (9, 4);
INSERT INTO dbo.user_weekly_shares_record (user_id, top_shares) VALUES (10, 0);
INSERT INTO dbo.user_weekly_shares_record (user_id, top_shares) VALUES (23, 0);
INSERT INTO dbo.user_weekly_shares_record (user_id, top_shares) VALUES (38, 0);
INSERT INTO dbo.user_weekly_shares_record (user_id, top_shares) VALUES (39, 2);
INSERT INTO dbo.user_weekly_shares_record (user_id, top_shares) VALUES (40, 0);
INSERT INTO dbo.user_weekly_shares_record (user_id, top_shares) VALUES (41, 0);
INSERT INTO dbo.user_weekly_shares_record (user_id, top_shares) VALUES (42, 0);
INSERT INTO dbo.user_weekly_shares_record (user_id, top_shares) VALUES (43, 0);
INSERT INTO dbo.user_weekly_shares_record (user_id, top_shares) VALUES (44, 0);
INSERT INTO dbo.user_weekly_shares_record (user_id, top_shares) VALUES (45, 0);
INSERT INTO dbo.user_weekly_shares_record (user_id, top_shares) VALUES (46, 0);
INSERT INTO dbo.user_weekly_shares_record (user_id, top_shares) VALUES (47, 0);
INSERT INTO dbo.user_weekly_shares_record (user_id, top_shares) VALUES (48, 0);
INSERT INTO dbo.user_weekly_shares_record (user_id, top_shares) VALUES (49, 0);
INSERT INTO dbo.user_weekly_shares_record (user_id, top_shares) VALUES (50, 0);
INSERT INTO dbo.user_weekly_shares_record (user_id, top_shares) VALUES (51, 0);
INSERT INTO dbo.user_weekly_shares_record (user_id, top_shares) VALUES (52, 0);
INSERT INTO dbo.user_weekly_shares_record (user_id, top_shares) VALUES (53, 0);
INSERT INTO dbo.user_weekly_shares_record (user_id, top_shares) VALUES (54, 0);
INSERT INTO dbo.user_weekly_shares_record (user_id, top_shares) VALUES (55, 0);
INSERT INTO dbo.user_weekly_shares_record (user_id, top_shares) VALUES (56, 0);
INSERT INTO dbo.user_weekly_shares_record (user_id, top_shares) VALUES (57, 0);
INSERT INTO dbo.user_weekly_shares_record (user_id, top_shares) VALUES (58, 0);
INSERT INTO dbo.user_weekly_shares_record (user_id, top_shares) VALUES (59, 0);
INSERT INTO dbo.user_weekly_shares_record (user_id, top_shares) VALUES (60, 0);
INSERT INTO dbo.user_weekly_shares_record (user_id, top_shares) VALUES (61, 0);
INSERT INTO dbo.user_weekly_shares_record (user_id, top_shares) VALUES (64, 0);
INSERT INTO dbo.user_weekly_shares_record (user_id, top_shares) VALUES (66, 1);
INSERT INTO dbo.user_weekly_shares_record (user_id, top_shares) VALUES (67, 2);